name,datetime,tempmax,tempmin,temp,feelslikemax,feelslikemin,feelslike,dew,humidity,precip,precipprob,precipcover,preciptype,snow,snowdepth,windgust,windspeed,winddir,sealevelpressure,cloudcover,visibility,solarradiation,solarenergy,uvindex,severerisk,sunrise,sunset,moonphase,conditions,description,icon,stations
muscat,2019-03-01,89.6,71.6,81.7,89.5,71.6,81.8,61.1,53.4,0.04,100,16.67,rain,,,39.1,27.7,191.5,1003,24.9,4.7,216.8,18.9,8,,2019-03-01T06:28:00,2019-03-01T18:08:25,0.89,"Rain, Partially cloudy",Partly cloudy throughout the day with rain clearing later.,rain,"41280099999,OOMS,41258099999,41256099999,41257099999"
muscat,2019-03-02,80.6,71.4,73.8,81.8,71.4,73.9,55.8,54.1,0,0,0,,,,,20.8,293.7,1007.3,12.7,3.7,261.7,22.6,9,,2019-03-02T06:27:08,2019-03-02T18:08:54,0.93,Clear,Clear conditions throughout the day.,clear-day,"41280099999,OOMS,41258099999,41256099999,41257099999"
muscat,2019-03-03,73.4,66.2,70.2,73.4,66.2,70.2,52.5,53.6,0,0,0,,,,,17.2,284.8,1011.1,10.9,6,276.8,23.9,9,,2019-03-03T06:26:15,2019-03-03T18:09:22,0.96,Clear,Clear conditions throughout the day.,clear-day,"41280099999,OOMS,41258099999,41256099999,41257099999"
muscat,2019-03-04,75.3,66.2,71.4,75.3,66.2,71.4,52.6,51.7,0,0,0,,,,,17.3,270.4,1012.7,0,6.2,277,23.8,9,,2019-03-04T06:25:21,2019-03-04T18:09:50,0.98,Clear,Clear conditions throughout the day.,clear-day,"41280099999,OOMS,41258099999,41256099999,41257099999"
muscat,2019-03-05,75.2,59.1,69.9,75.2,59.1,69.9,52.4,54.4,0,0,0,,,,,13.9,232,1012.5,3.5,6.1,289.8,25.1,10,,2019-03-05T06:24:27,2019-03-05T18:10:18,1,Clear,Clear conditions throughout the day.,clear-day,"41280099999,OOMS,41258099999,41256099999,41257099999,remote"
muscat,2019-03-06,75.2,62.6,71,75.2,62.6,71,56.1,59.6,0,0,0,,,,,15,137.3,1012.5,4.9,6.2,264.7,22.9,9,,2019-03-06T06:23:33,2019-03-06T18:10:45,1,Clear,Clear conditions throughout the day.,clear-day,"41280099999,OOMS,41258099999,41256099999,41257099999"
muscat,2019-03-07,79.2,68.4,74.1,79.2,68.4,74.1,60.2,64.1,0,0,0,,,,,16.1,232.2,1010.3,16.5,5.9,262.7,22.8,9,,2019-03-07T06:22:38,2019-03-07T18:11:12,0,Clear,Clear conditions throughout the day.,clear-day,"41280099999,OOMS,41258099999,41256099999,41257099999,remote"
muscat,2019-03-08,77,66.2,73.2,77,66.2,73.2,53.2,50.3,0,0,0,,,,,13.9,208.4,1013.4,1.2,5.8,270.9,23.4,9,,2019-03-08T06:21:42,2019-03-08T18:11:38,0.02,Clear,Clear conditions throughout the day.,clear-day,"41280099999,OOMS,41258099999,41256099999,41257099999"
muscat,2019-03-09,77,64.4,72.6,77,64.4,72.6,55.3,55.8,0,0,0,,,,,12.8,243.7,1014.5,8.2,5.9,272,23.3,9,,2019-03-09T06:20:46,2019-03-09T18:12:04,0.04,Clear,Clear conditions throughout the day.,clear-day,"41280099999,OOMS,41258099999,41256099999,41257099999"
muscat,2019-03-10,75.2,66.2,71.5,75.2,66.2,71.5,50.8,48.6,0,0,0,,,,,23,259.3,1014.4,1.2,6.1,293.9,25.5,10,,2019-03-10T06:19:50,2019-03-10T18:12:30,0.07,Clear,Clear conditions throughout the day.,clear-day,"41280099999,OOMS,41258099999,41256099999,41257099999"
muscat,2019-03-11,75.5,59.6,71,75.5,59.6,71,52.8,53.3,0,0,0,,,,,12.8,181,1014.4,9.5,6.2,284.5,24.4,10,,2019-03-11T06:18:53,2019-03-11T18:12:56,0.1,Clear,Clear conditions throughout the day.,clear-day,"41280099999,OOMS,41258099999,41256099999,41257099999,remote"
muscat,2019-03-12,77,64.4,72,77,64.4,72,53.7,53.2,0,0,0,,,,,17.2,250,1015.2,8.8,6.2,253.5,21.9,10,,2019-03-12T06:17:56,2019-03-12T18:13:22,0.14,Clear,Clear conditions throughout the day.,clear-day,"41280099999,OOMS,41258099999,41256099999,41257099999"
muscat,2019-03-13,77,66.2,71.9,77,66.2,71.9,52.9,52,0,0,0,,,,,16.1,237.6,1016.9,10,6.2,285.7,24.7,10,,2019-03-13T06:16:58,2019-03-13T18:13:47,0.2,Clear,Clear conditions throughout the day.,clear-day,"41280099999,OOMS,41258099999,41256099999,41257099999"
muscat,2019-03-14,78.8,66.2,73.9,78.8,66.2,73.9,52.8,48.5,0,0,0,,,,,21.9,135.3,1016.6,0,6.2,293.1,25.3,10,,2019-03-14T06:16:00,2019-03-14T18:14:12,0.25,Clear,Clear conditions throughout the day.,clear-day,"41280099999,OOMS,41258099999,41256099999,41257099999"
muscat,2019-03-15,82.4,71.6,75.2,80.4,71.6,75.1,55.7,53.2,0,0,0,,,,,17.9,156,1016,20.4,6.2,285,24.6,10,,2019-03-15T06:15:02,2019-03-15T18:14:37,0.31,Partially cloudy,Partly cloudy throughout the day.,partly-cloudy-day,"41280099999,OOMS,41258099999,41256099999,41257099999,remote"
muscat,2019-03-16,78.8,69.8,75,78.8,69.8,75,65.4,72.3,0,0,0,,,,,18,125.2,1014.7,24.5,6.1,249.8,21.6,8,,2019-03-16T06:14:04,2019-03-16T18:15:01,0.36,Partially cloudy,Partly cloudy throughout the day.,partly-cloudy-day,"41280099999,OOMS,41258099999,41256099999,41257099999"
muscat,2019-03-17,89.1,71.6,77.8,90.2,71.6,78.8,66.7,69.7,0,0,0,,,,,26.8,157.3,1010.9,5.5,5.9,262.2,22.8,9,,2019-03-17T06:13:05,2019-03-17T18:15:25,0.41,Clear,Clear conditions throughout the day.,clear-day,"41280099999,OOMS,41258099999,41256099999,41257099999"
muscat,2019-03-18,86,73.4,78.3,86.7,73.4,78.5,62.2,59.3,0,0,0,,,,,24.2,275.7,1012,19.6,5.6,257.2,22.3,9,,2019-03-18T06:12:07,2019-03-18T18:15:50,0.45,Clear,Clear conditions throughout the day.,clear-day,"41280099999,OOMS,41258099999,41256099999,41257099999,remote"
muscat,2019-03-19,77,69.8,74,77,69.8,74,54.8,51.6,0,0,0,,,,,16.1,283.6,1012.3,0,6.1,309.3,26.8,10,,2019-03-19T06:11:08,2019-03-19T18:16:14,0.48,Clear,Clear conditions throughout the day.,clear-day,"41280099999,OOMS,41258099999,41256099999,41257099999"
muscat,2019-03-20,78.8,68,73.9,78.8,68,73.9,57.1,56.1,0,0,0,,,,18.3,16.1,270.5,1010.9,1.2,6.1,297.4,25.8,10,,2019-03-20T06:10:09,2019-03-20T18:16:37,0.5,Clear,Clear conditions throughout the day.,clear-day,"41280099999,OOMS,41258099999,41256099999,41257099999"
muscat,2019-03-21,84,64.4,74.7,82.4,64.4,74.7,56.6,54.7,0,0,0,,,,,14.5,127.9,1011.5,7.3,6.2,274,23.7,9,,2019-03-21T06:09:09,2019-03-21T18:17:01,0.5,Clear,Clear conditions throughout the day.,clear-day,"41280099999,OOMS,41258099999,41256099999,41257099999"
muscat,2019-03-22,80.6,75,76.7,82.3,75,76.8,66.7,72.1,0,0,0,,,,,10.3,192.9,1014.1,33.5,5.3,235.8,20.2,8,,2019-03-22T06:08:10,2019-03-22T18:17:25,0.52,Partially cloudy,Partly cloudy throughout the day.,partly-cloudy-day,"41280099999,OOMS,41258099999,41256099999,41257099999"
muscat,2019-03-23,78.8,73.4,76,78.8,73.4,76,70,82,0,0,0,,,,,10.9,178.4,1013.1,28.5,4.9,211.1,18.3,9,,2019-03-23T06:07:11,2019-03-23T18:17:48,0.54,Partially cloudy,Partly cloudy throughout the day.,partly-cloudy-day,"41280099999,OOMS,41258099999,41256099999,41257099999"
muscat,2019-03-24,82.4,75.2,77.3,87.2,75.2,77.9,71.9,83.7,0,0,0,,,,,17.2,147.7,1011.4,27.2,5.5,258.1,22.5,9,,2019-03-24T06:06:11,2019-03-24T18:18:12,0.58,Partially cloudy,Partly cloudy throughout the day.,partly-cloudy-day,"41280099999,OOMS,41258099999,41256099999,41257099999"
muscat,2019-03-25,82.4,73.4,77.3,87.2,73.4,78.1,72.2,84.6,0,0,0,,,,,15,119.5,1011.6,15.6,5.5,249.6,21.5,10,,2019-03-25T06:05:12,2019-03-25T18:18:35,0.62,Clear,Clear conditions throughout the day.,clear-day,"41280099999,OOMS,41258099999,41256099999,41257099999"
muscat,2019-03-26,86,75.2,78.3,91.9,75.2,79.2,70.5,77.7,0,0,0,,,,,16.1,220.6,1011.7,10.4,6.1,301.6,26.1,10,,2019-03-26T06:04:12,2019-03-26T18:18:58,0.67,Clear,Clear conditions throughout the day.,clear-day,"41280099999,OOMS,41258099999,41256099999,41257099999"
muscat,2019-03-27,82.4,73.4,77.3,87.2,73.4,77.7,70.6,80.5,0,0,0,,,,,17.2,246.5,1014.5,21.3,5.1,262.1,22.7,10,,2019-03-27T06:03:13,2019-03-27T18:19:21,0.72,Partially cloudy,Partly cloudy throughout the day.,partly-cloudy-day,"41280099999,OOMS,41258099999,41256099999,41257099999"
muscat,2019-03-28,83.3,73.4,78.2,86.4,73.4,79.2,68.6,73.3,0,0,0,,,,,19.7,193.3,1014.7,19.9,5.6,171.1,14.7,6,,2019-03-28T06:02:14,2019-03-28T18:19:44,0.77,Clear,Clear conditions throughout the day.,clear-day,"41280099999,OOMS,41258099999,41256099999,41257099999"
muscat,2019-03-29,84.8,75.2,80.1,87.2,75.2,80.6,63.4,59.6,0,0,0,,,,,15,244.7,1013.1,2.1,5.8,264.4,22.8,9,,2019-03-29T06:01:14,2019-03-29T18:20:08,0.82,Clear,Clear conditions throughout the day.,clear-day,"41280099999,OOMS,41258099999,41256099999,41257099999"
muscat,2019-03-30,89.2,71.6,80.3,88.2,71.6,80.1,54.4,41.5,0,0,0,,,,,17.2,224.9,1012.6,6.1,6,292,25.2,10,,2019-03-30T06:00:15,2019-03-30T18:20:31,0.86,Clear,Clear conditions throughout the day.,clear-day,"41280099999,OOMS,41258099999,41256099999,41257099999"
muscat,2019-03-31,87.8,75.2,81.4,87.8,75.2,82.2,60.6,51,0,0,0,,,,,19.7,155.3,1011.6,4,6.2,287.1,24.6,10,,2019-03-31T05:59:16,2019-03-31T18:20:54,0.9,Clear,Clear conditions throughout the day.,clear-day,"41280099999,OOMS,41258099999,41256099999,41257099999"
muscat,2019-04-01,87.8,73.4,81.9,86.7,73.4,82.2,62.1,53,0,0,0,,,,,12.2,124.9,1010.8,0,6.2,311.4,26.8,10,,2019-04-01T05:58:17,2019-04-01T18:21:17,0.94,Clear,Clear conditions throughout the day.,clear-day,"41280099999,OOMS,41258099999,41256099999,41257099999"
muscat,2019-04-02,93.2,75.2,84.3,92.3,75.2,85.6,62.5,49.5,0,0,0,,,,,11.4,127.4,1009.4,0,6.2,281.4,24.3,10,,2019-04-02T05:57:19,2019-04-02T18:21:40,0.97,Clear,Clear conditions throughout the day.,clear-day,"41280099999,OOMS,41258099999,41256099999,41257099999"
muscat,2019-04-03,96.8,78.8,85.9,93.7,78.8,85.7,59.9,44,0,0,0,,,,,19.7,250.1,1010.4,0,6.2,257.1,22.1,10,,2019-04-03T05:56:20,2019-04-03T18:22:03,0.99,Clear,Clear conditions throughout the day.,clear-day,"41280099999,OOMS,41258099999,41256099999,41257099999"
muscat,2019-04-04,91.4,77,84.5,93.2,77,86.7,65.5,55.1,0,0,0,,,,,10.3,164.1,1010.8,0,5.9,300.7,26,10,,2019-04-04T05:55:22,2019-04-04T18:22:26,1,Clear,Clear conditions throughout the day.,clear-day,"41280099999,OOMS,41258099999,41256099999,41257099999"
muscat,2019-04-05,91.4,77,86.2,95.6,77,86.7,61.5,46,0,0,0,,,,,11.4,184.5,1010.8,0,6.2,206,17.9,7,,2019-04-05T05:54:24,2019-04-05T18:22:50,0,Clear,Clear conditions throughout the day.,clear-day,"41280099999,OOMS,41258099999,41256099999,41257099999"
muscat,2019-04-06,98.6,75.2,87,96.2,75.2,86.1,57.7,39.4,0,0,0,,,,,13.9,234,1010.6,0,6.2,301.4,26.1,10,,2019-04-06T05:53:27,2019-04-06T18:23:13,0.01,Clear,Clear conditions throughout the day.,clear-day,"41280099999,OOMS,41258099999,41256099999,41257099999"
muscat,2019-04-07,93.2,77,86.3,93.6,77,86.3,56.6,38,0,0,0,,,,,8.1,116.3,1008.5,7.5,6,211.2,18,7,,2019-04-07T05:52:29,2019-04-07T18:23:36,0.02,Clear,Clear conditions throughout the day.,clear-day,"41280099999,OOMS,41258099999,41256099999,41257099999,remote"
muscat,2019-04-08,107.6,80.6,91.7,101.6,79.6,89.5,50.6,26.9,0,0,0,,,,,20.8,188.6,1005.9,4,6.2,249.1,21.6,9,,2019-04-08T05:51:32,2019-04-08T18:24:00,0.05,Clear,Clear conditions throughout the day.,clear-day,"41280099999,OOMS,41258099999,41256099999,41257099999"
muscat,2019-04-09,96.8,80.6,86.8,95.2,81.1,89.4,65.4,51,0,0,0,,,,,17.2,124,1006.9,5.9,5.9,265.2,22.7,9,,2019-04-09T05:50:36,2019-04-09T18:24:24,0.08,Clear,Clear conditions throughout the day.,clear-day,"41280099999,OOMS,41258099999,41256099999,41257099999"
muscat,2019-04-10,95,80.6,86,93.2,84.6,88.4,65.7,53.3,0,0,0,,,,,13.5,203.8,1009.5,4.9,6.2,236.3,20.6,8,,2019-04-10T05:49:40,2019-04-10T18:24:47,0.13,Clear,Clear conditions throughout the day.,clear-day,"41280099999,OOMS,41258099999,41256099999,41257099999"
muscat,2019-04-11,96.8,82.2,86.2,96.5,83.1,89,66.1,53,0,0,0,,,,,12.8,176.1,1009.8,9.6,6.2,212,18.3,9,,2019-04-11T05:48:44,2019-04-11T18:25:11,0.18,Clear,Clear conditions throughout the day.,clear-day,"41280099999,OOMS,41258099999,41256099999,41257099999"
muscat,2019-04-12,87.8,80.6,83.7,90.3,81.5,86.9,67.8,59.8,0.1,100,8.33,rain,,,,23,149.3,1009.2,19.1,6.2,227.9,19.5,8,,2019-04-12T05:47:49,2019-04-12T18:25:35,0.23,Rain,Clear conditions throughout the day with late afternoon rain.,rain,"41280099999,OOMS,41258099999,41256099999,41257099999"
muscat,2019-04-13,87.8,75.2,81.6,94.2,75.2,85.9,71.2,71.7,0.49,100,62.5,rain,,,32.2,16.7,131.6,1008.5,36.3,5.9,119.4,10.2,4,,2019-04-13T05:46:54,2019-04-13T18:25:59,0.29,"Rain, Partially cloudy",Partly cloudy throughout the day with a chance of rain throughout the day.,rain,"41280099999,OOMS,41258099999,41256099999,41257099999"
muscat,2019-04-14,84.2,69.8,76.7,86.5,69.8,77,65.4,69.7,1.18,100,62.5,rain,,,25.3,17.2,200.1,1008.8,38.8,5.6,242.3,20.8,8,,2019-04-14T05:45:59,2019-04-14T18:26:23,0.35,"Rain, Partially cloudy",Partly cloudy throughout the day with a chance of rain throughout the day.,rain,"41280099999,OOMS,41258099999,41256099999,41257099999"
muscat,2019-04-15,86,71.6,79.6,83.4,71.6,79.1,54.2,42.7,0,0,0,,,,,15,222.3,1010.5,0,6.2,328.8,28.3,10,,2019-04-15T05:45:05,2019-04-15T18:26:48,0.4,Clear,Clear conditions throughout the day.,clear-day,"41280099999,OOMS,41258099999,41256099999,41257099999"
muscat,2019-04-16,87.8,71.6,81.1,86.1,71.6,80.8,57.1,44.9,0,0,0,,,,,12.8,199.4,1010.2,0,6.2,333.3,28.9,10,,2019-04-16T05:44:12,2019-04-16T18:27:12,0.44,Clear,Clear conditions throughout the day.,clear-day,"41280099999,OOMS,41258099999,41256099999,41257099999"
muscat,2019-04-17,87.8,75.2,82,89.4,75.2,83.3,60.6,50.3,0,0,0,,,,,12.2,151.8,1009.9,0,6.2,332.9,28.8,10,,2019-04-17T05:43:19,2019-04-17T18:27:37,0.47,Clear,Clear conditions throughout the day.,clear-day,"41280099999,OOMS,41258099999,41256099999,41257099999"
muscat,2019-04-18,87.8,73.4,82.3,92.7,73.4,85,67,60.8,0,0,0,,,,,12.8,128.1,1010.6,0,6.2,325.5,28.1,10,,2019-04-18T05:42:27,2019-04-18T18:28:02,0.49,Clear,Clear conditions throughout the day.,clear-day,"41280099999,OOMS,41258099999,41256099999,41257099999"
muscat,2019-04-19,89.6,75.2,82.8,95.2,75.2,87.4,69.7,66.3,0,0,0,,,,,13.9,112.3,1009.6,0,5.9,326.6,28.1,10,,2019-04-19T05:41:35,2019-04-19T18:28:27,0.5,Clear,Clear conditions throughout the day.,clear-day,"41280099999,OOMS,41258099999,41256099999,41257099999"
muscat,2019-04-20,91.4,78.8,85.5,102.6,78.8,89.7,67.6,57.5,0,0,0,,,,,12.8,138.7,1006.7,1.1,6.1,325.1,28.1,10,,2019-04-20T05:40:44,2019-04-20T18:28:52,0.51,Clear,Clear conditions throughout the day.,clear-day,"41280099999,OOMS,41258099999,41256099999,41257099999"
muscat,2019-04-21,102.2,80.6,89.9,102.6,84.4,92.7,65.8,46.7,0,0,0,,,,,15,103.4,1005.1,0,6.2,301.3,26,10,,2019-04-21T05:39:54,2019-04-21T18:29:18,0.53,Clear,Clear conditions throughout the day.,clear-day,"41280099999,OOMS,41258099999,41256099999,41257099999"
muscat,2019-04-22,100.4,85.6,90.6,101.5,88.5,96.1,68.7,51,0,0,0,,,,,20.8,173.1,1005.6,8.2,4.6,315.3,27.2,10,,2019-04-22T05:39:05,2019-04-22T18:29:43,0.56,Clear,Clear conditions throughout the day.,clear-day,"41280099999,OOMS,41258099999,41256099999,41257099999"
muscat,2019-04-23,95,84.7,90.2,102.7,90.1,95.5,67.9,50.6,0,0,0,,,,,13.9,134.5,1007.5,8.6,5.2,290.3,25.2,9,,2019-04-23T05:38:16,2019-04-23T18:30:09,0.6,Clear,Clear conditions throughout the day.,clear-day,"41280099999,OOMS,41258099999,41256099999,41257099999"
muscat,2019-04-24,91.4,83.7,86.5,94.3,83.1,88.6,64.3,48.7,0,0,0,,,,,15,300.2,1009.7,6.7,5.9,314.3,27.1,10,,2019-04-24T05:37:27,2019-04-24T18:30:35,0.64,Clear,Clear conditions throughout the day.,clear-day,"41280099999,OOMS,41258099999,41256099999,41257099999"
muscat,2019-04-25,87.8,80.3,82.9,85.5,79.9,82.8,57.6,43.4,0,0,0,,,,,19.7,291.4,1010.8,0,6.2,327.4,28.3,10,,2019-04-25T05:36:40,2019-04-25T18:31:01,0.69,Clear,Clear conditions throughout the day.,clear-day,"41280099999,OOMS,41258099999,41256099999,41257099999"
muscat,2019-04-26,84.4,77,81.5,85,77,81.7,60.1,49.2,0,0,0,,,,,16.1,260.2,1010.5,0,6.2,329.2,28.3,10,,2019-04-26T05:35:53,2019-04-26T18:31:27,0.73,Clear,Clear conditions throughout the day.,clear-day,"41280099999,OOMS,41258099999,41256099999,41257099999"
muscat,2019-04-27,89.3,75.2,84.1,89.4,75.2,84.3,57.7,42.1,0,0,0,,,,,11.4,269.1,1010.8,0,6.2,318.7,27.6,10,,2019-04-27T05:35:07,2019-04-27T18:31:54,0.78,Clear,Clear conditions throughout the day.,clear-day,"41280099999,OOMS,41258099999,41256099999,41257099999"
muscat,2019-04-28,95,80.6,88,91.2,79.3,86.3,51,29.9,0,0,0,,,,,13.9,261,1009.8,0,6.2,316.9,27.4,10,,2019-04-28T05:34:22,2019-04-28T18:32:21,0.83,Clear,Clear conditions throughout the day.,clear-day,"41280099999,OOMS,41258099999,41256099999,41257099999"
muscat,2019-04-29,98.6,84.2,91.5,99.4,81.9,89.6,52.1,27.2,0,0,0,,,,,14.4,282.6,1009.5,0,5.9,316.4,27.4,10,,2019-04-29T05:33:38,2019-04-29T18:32:48,0.87,Clear,Clear conditions throughout the day.,clear-day,"41280099999,OOMS,41258099999,41256099999,41257099999"
muscat,2019-04-30,95,80.6,90,94.3,81.8,89.2,55,34.1,0,0,0,,,,,17.2,244.9,1008.2,0,6.1,322.6,27.9,10,,2019-04-30T05:32:54,2019-04-30T18:33:15,0.91,Clear,Clear conditions throughout the day.,clear-day,"41280099999,OOMS,41258099999,41256099999,41257099999"
muscat,2019-05-01,96.8,84.2,89.6,93.7,82.5,88.1,54.3,31.5,0,0,0,,,,,17.2,241.8,1005.4,0,6.2,342.8,29.5,10,,2019-05-01T05:32:12,2019-05-01T18:33:42,0.95,Clear,Clear conditions throughout the day.,clear-day,"41280099999,OOMS,41258099999,41256099999,41257099999"
muscat,2019-05-02,100.4,78.8,89,96.5,78.8,87.4,50.5,28.8,0,0,0,,,,,15,226.4,1005.2,0,6.2,342.5,29.5,10,,2019-05-02T05:31:30,2019-05-02T18:34:09,0.97,Clear,Clear conditions throughout the day.,clear-day,"41280099999,OOMS,41258099999,41256099999,41257099999"
muscat,2019-05-03,96.8,77,88.4,95.3,77,88.4,58.7,39.2,0,0,0,,,,,11.4,172.6,1006.2,0,6.2,342.3,29.6,10,,2019-05-03T05:30:49,2019-05-03T18:34:37,0.99,Clear,Clear conditions throughout the day.,clear-day,"41280099999,OOMS,41258099999,41256099999,41257099999"
muscat,2019-05-04,95,78.8,89.1,102.6,78.8,92.4,64.4,47.5,0,0,0,,,,,12.8,123.8,1007.7,0,6.1,340.1,29.5,10,,2019-05-04T05:30:09,2019-05-04T18:35:05,1,Clear,Clear conditions throughout the day.,clear-day,"41280099999,OOMS,41258099999,41256099999,41257099999"
muscat,2019-05-05,98.6,83.8,91.4,98.4,85.4,92.9,58.7,39.8,0,0,0,,,,,11.3,184.2,1009.3,4.6,6.2,330,28.6,10,,2019-05-05T05:29:31,2019-05-05T18:35:33,0,Clear,Clear conditions throughout the day.,clear-day,"41280099999,OOMS,41258099999,41256099999,41257099999"
muscat,2019-05-06,105.8,84.2,94.4,100.2,82,92.6,51.5,25.7,0,0,0,,,,,16.1,218.4,1007,0,5.7,324.7,28,10,,2019-05-06T05:28:53,2019-05-06T18:36:01,0.01,Clear,Clear conditions throughout the day.,clear-day,"41280099999,OOMS,41258099999,41256099999,41257099999"
muscat,2019-05-07,102.2,84.2,92.7,102.6,82.2,93.8,58.9,35.1,0,0,0,,,,,11.4,147.6,1004.1,0,5.3,336.6,29.2,10,,2019-05-07T05:28:16,2019-05-07T18:36:29,0.04,Clear,Clear conditions throughout the day.,clear-day,"41280099999,OOMS,41258099999,41256099999,41257099999"
muscat,2019-05-08,96.8,82.4,87.3,107.8,88.3,98.6,76,70.6,0,0,0,,,,,13.3,137.7,1004.2,0,5.1,327,28.3,10,,2019-05-08T05:27:40,2019-05-08T18:36:57,0.07,Clear,Clear conditions throughout the day.,clear-day,"41280099999,OOMS,41258099999,41256099999,41257099999"
muscat,2019-05-09,90,84.2,87.2,108.1,91.7,101.1,78.3,76.3,0,0,0,,,,,15,69.9,1004.6,9.1,5.3,320.3,27.8,10,,2019-05-09T05:27:05,2019-05-09T18:37:26,0.11,Clear,Clear conditions throughout the day.,clear-day,"41280099999,OOMS,41258099999,41256099999,41257099999"
muscat,2019-05-10,93.2,79.2,87.8,107.8,79.2,99.1,75.4,68.3,0,0,0,,,,,11.2,104.9,1004.8,8.7,5.3,331.1,28.7,10,,2019-05-10T05:26:31,2019-05-10T18:37:54,0.16,Clear,Clear conditions throughout the day.,clear-day,"41280099999,OOMS,41258099999,41256099999,41257099999,remote"
muscat,2019-05-11,105.8,87.4,96,102.1,90.3,96.5,59.6,32.5,0,0,0,,,,,15,209.7,1005.8,0,6.2,316.8,27.3,10,,2019-05-11T05:25:58,2019-05-11T18:38:23,0.22,Clear,Clear conditions throughout the day.,clear-day,"41280099999,OOMS,41258099999,41256099999,41257099999"
muscat,2019-05-12,104,82.4,95.9,100.5,80.5,92.9,48,20.6,0,0,0,,,,,16.1,235.5,1005.8,0,5.5,330,28.5,10,,2019-05-12T05:25:26,2019-05-12T18:38:52,0.28,Clear,Clear conditions throughout the day.,clear-day,"41280099999,OOMS,41258099999,41256099999,41257099999"
muscat,2019-05-13,104,86,96.1,99.7,82.9,92.9,46.1,19.8,0,0,0,,,,,13.9,254.6,1004.4,4.2,6,300.2,26,10,,2019-05-13T05:24:55,2019-05-13T18:39:20,0.33,Clear,Clear conditions throughout the day.,clear-day,"41280099999,OOMS,41258099999,41256099999,41257099999,remote"
muscat,2019-05-14,102.2,87.8,94.3,97.3,84.9,92.7,54.3,27.2,0,0,0,,,,,17.2,257.2,1003.8,0,5.7,335.9,29,10,,2019-05-14T05:24:25,2019-05-14T18:39:49,0.39,Clear,Clear conditions throughout the day.,clear-day,"41280099999,OOMS,41258099999,41256099999,41257099999"
muscat,2019-05-15,104,84.2,93.2,99.2,83.1,93.7,58.2,34.6,0,0,0,,,,,12.8,165.5,1003.8,0,5.8,314.3,27,10,,2019-05-15T05:23:57,2019-05-15T18:40:18,0.43,Clear,Clear conditions throughout the day.,clear-day,"41280099999,OOMS,41258099999,41256099999,41257099999"
muscat,2019-05-16,95,84.2,88.2,105.2,83.1,95.9,70.7,59,0,0,0,,,,,20.8,131.9,1004.7,0,6,341.5,29.6,10,,2019-05-16T05:23:29,2019-05-16T18:40:47,0.46,Clear,Clear conditions throughout the day.,clear-day,"41280099999,OOMS,41258099999,41256099999,41257099999"
muscat,2019-05-17,89.6,82.4,85.5,102.4,92.4,97.5,78.2,79.3,0,0,0,,,,,15.7,135.5,1006.2,19.9,5.3,333,28.9,10,,2019-05-17T05:23:03,2019-05-17T18:41:16,0.49,Clear,Clear conditions throughout the day.,clear-day,"41280099999,OOMS,41258099999,41256099999,41257099999"
muscat,2019-05-18,91.6,83.4,86.6,105.4,91.1,97.9,76.9,73.6,0.19,100,33.33,rain,,,,14.7,129.7,1006.5,26,5.7,255.9,22.1,9,,2019-05-18T05:22:38,2019-05-18T18:41:45,0.5,"Rain, Partially cloudy",Becoming cloudy in the afternoon with rain.,rain,"41280099999,OOMS,41258099999,41256099999,41257099999"
muscat,2019-05-19,95,80.2,88.3,105.2,83.5,94.7,71,58.1,0.28,100,50,rain,,,,23.7,156.4,1007.6,38.7,5.9,232.1,19.9,9,,2019-05-19T05:22:13,2019-05-19T18:42:13,0.5,"Rain, Partially cloudy",Partly cloudy throughout the day with rain.,rain,"41280099999,OOMS,41258099999,41256099999,41257099999"
muscat,2019-05-20,91.4,80.6,85.8,100.3,83.9,90.3,69.2,58.3,0.34,100,41.67,rain,,,,22.2,172.2,1007.7,37.4,5.9,261.8,22.7,8,,2019-05-20T05:21:50,2019-05-20T18:42:42,0.52,"Rain, Partially cloudy",Partly cloudy throughout the day with rain clearing later.,rain,"41280099999,OOMS,41258099999,41256099999,41257099999"
muscat,2019-05-21,98.6,85.3,89.5,105.2,87.5,95.1,69.5,52.7,0,0,0,,,,34.4,27.7,152.9,1007.6,14.5,6.2,230.7,20,8,,2019-05-21T05:21:29,2019-05-21T18:43:11,0.54,Clear,Clear conditions throughout the day.,clear-day,"41280099999,OOMS,41258099999,41256099999,41257099999"
muscat,2019-05-22,96.8,84,91.7,99.4,90.9,94.4,64.9,43.2,0,0,0,,,,,15,225.7,1007,6.9,6,316.9,27.4,10,,2019-05-22T05:21:08,2019-05-22T18:43:40,0.57,Clear,Clear conditions throughout the day.,clear-day,"41280099999,OOMS,41258099999,41256099999,41257099999"
muscat,2019-05-23,98.8,84.2,93.4,97.3,83.1,92.3,56.3,30.3,0,0,0,,,,,10.3,188.9,1004.8,0,5.9,340.5,29.4,10,,2019-05-23T05:20:48,2019-05-23T18:44:08,0.61,Clear,Clear conditions throughout the day.,clear-day,"41280099999,OOMS,41258099999,41256099999,41257099999"
muscat,2019-05-24,98.6,86,92.4,100.2,85.7,93.9,60.8,37.7,0,0,0,,,,,15,229.6,1006.4,9.1,6.1,293,25.2,10,,2019-05-24T05:20:30,2019-05-24T18:44:36,0.65,Clear,Clear conditions throughout the day.,clear-day,"41280099999,OOMS,41258099999,41256099999,41257099999"
muscat,2019-05-25,103.9,80.6,91.6,105.2,84.6,97.4,68.9,51.5,0,0,0,,,,,10.3,126.8,1006.7,1.2,5.8,340.8,29.3,10,,2019-05-25T05:20:13,2019-05-25T18:45:05,0.7,Clear,Clear conditions throughout the day.,clear-day,"41280099999,OOMS,41258099999,41256099999,41257099999"
muscat,2019-05-26,106.5,86,96.4,101,89.4,96.3,56.5,30.9,0,0,0,,,,,11.4,227.2,1004.6,0,6.1,333.9,28.7,10,,2019-05-26T05:19:57,2019-05-26T18:45:32,0.75,Clear,Clear conditions throughout the day.,clear-day,"41280099999,OOMS,41258099999,41256099999,41257099999"
muscat,2019-05-27,109,87.8,98.4,104.8,89.3,97.3,55.2,26,0,0,0,,,,,13.9,206.9,1003.7,2.3,6.2,331.5,28.7,10,,2019-05-27T05:19:42,2019-05-27T18:46:00,0.79,Clear,Clear conditions throughout the day.,clear-day,"41280099999,OOMS,41258099999,41256099999,41257099999"
muscat,2019-05-28,111.2,91.4,98.6,111.2,87.7,98.1,54,24.6,0,0,0,,,,,13.9,128.7,1003.4,4.6,6,330.4,28.6,10,,2019-05-28T05:19:28,2019-05-28T18:46:28,0.84,Clear,Clear conditions throughout the day.,clear-day,"41280099999,OOMS,41258099999,41256099999,41257099999"
muscat,2019-05-29,108.1,93.2,99.4,108.1,91.2,99.4,57.6,26.2,0.12,100,12.5,rain,,,19.7,8.7,125.5,1002.7,5.5,6,331.4,28.5,10,,2019-05-29T05:19:16,2019-05-29T18:46:55,0.88,Rain,Clear conditions throughout the day with early morning rain.,rain,"41280099999,OOMS,41258099999,41256099999,41257099999"
muscat,2019-05-30,108.3,89.9,100.8,108.9,90.2,101.2,58.8,26.3,0,0,0,,,,,16.1,190.7,1002.5,4.9,6.2,322.7,27.9,10,,2019-05-30T05:19:04,2019-05-30T18:47:22,0.92,Clear,Clear conditions throughout the day.,clear-day,"41280099999,OOMS,41258099999,41256099999,41257099999,remote"
muscat,2019-05-31,111.2,89.6,99.9,111.2,86.5,98.7,53.4,22.7,0,0,0,,,,,15,137.7,,2.8,6.2,341.9,29.5,10,,2019-05-31T05:18:54,2019-05-31T18:47:49,0.96,Clear,Clear conditions throughout the day.,clear-day,"OOMS,41256099999"
muscat,2019-06-01,109.4,89.6,100.3,104.7,87.4,97.5,48.7,19.5,0,0,0,,,,,9.2,174.6,,0,5.5,342.3,29.7,10,,2019-06-01T05:18:45,2019-06-01T18:48:15,0.98,Clear,Clear conditions throughout the day.,clear-day,"OOMS,41256099999"
muscat,2019-06-02,104,87.8,96.7,103.6,84.4,95.4,51.1,23.6,0,0,0,,,,,12.8,158.7,,0,6.2,280.8,24.2,10,,2019-06-02T05:18:37,2019-06-02T18:48:41,1,Clear,Clear conditions throughout the day.,clear-day,"OOMS,41256099999"
muscat,2019-06-03,98.6,87.8,92.2,118.3,86.7,102.1,70.4,52,0,0,0,,,,,12.8,147.2,,0,5.9,332.4,28.8,10,,2019-06-03T05:18:31,2019-06-03T18:49:06,0,Clear,Clear conditions throughout the day.,clear-day,"OOMS,41256099999"
muscat,2019-06-04,105.8,86.6,94.1,118.3,86,107.6,75,56.3,0,0,0,,,,,13.9,140.9,,6.7,6,319.7,27.5,10,,2019-06-04T05:18:25,2019-06-04T18:49:31,0.01,Clear,Clear conditions throughout the day.,clear-day,"OOMS,41256099999,remote"
muscat,2019-06-05,95,87.8,92.1,123.9,97,109.9,79,66.3,0,0,0,,,,,11.4,130.2,,12.1,6.2,329.6,28.6,10,,2019-06-05T05:18:21,2019-06-05T18:49:56,0.03,Clear,Clear conditions throughout the day.,clear-day,"OOMS,41256099999"
muscat,2019-06-06,105.8,89.6,95.8,122.7,94.3,108.2,73.8,52.4,0,0,0,,,,,17.2,158.5,,5.7,6.1,323.9,28.1,10,,2019-06-06T05:18:17,2019-06-06T18:50:20,0.06,Clear,Clear conditions throughout the day.,clear-day,"OOMS,41256099999"
muscat,2019-06-07,107.6,89.6,99.3,115,94.1,104.5,64.3,35.9,0,0,0,,,,,13.9,138.3,,6.6,5.6,338.6,29.3,10,,2019-06-07T05:18:15,2019-06-07T18:50:44,0.1,Clear,Clear conditions throughout the day.,clear-day,"OOMS,41256099999"
muscat,2019-06-08,107.6,91.4,101.9,112.4,93.7,104.8,60.8,28.5,0,0,0,,,,,16.1,220.7,,3.4,6.1,340.6,29.5,10,,2019-06-08T05:18:14,2019-06-08T18:51:07,0.15,Clear,Clear conditions throughout the day.,clear-day,"OOMS,41256099999"
muscat,2019-06-09,109.4,93.2,100.5,114.5,94.5,104.1,63.4,31.9,0,0,0,,,,,15,251.1,,3.4,6.1,339.8,29.4,10,,2019-06-09T05:18:14,2019-06-09T18:51:30,0.21,Clear,Clear conditions throughout the day.,clear-day,"OOMS,41256099999"
muscat,2019-06-10,113,91.4,100.7,113,95.6,104.5,63,32.5,0,0,0,,,,,15,248.8,,0,5.5,339.4,29.2,10,,2019-06-10T05:18:16,2019-06-10T18:51:51,0.27,Clear,Clear conditions throughout the day.,clear-day,"OOMS,41256099999"
muscat,2019-06-11,105.8,91.4,97.3,129,90.7,110.7,71.6,47.6,0,0,0,,,,,13.9,187,,0,5.2,324,28.1,10,,2019-06-11T05:18:18,2019-06-11T18:52:13,0.32,Clear,Clear conditions throughout the day.,clear-day,"OOMS,41256099999"
muscat,2019-06-12,105.8,91.4,97.3,127.7,100.2,110.7,71.9,50.6,0,0,0,,,,,13.9,127,,0,4.2,319.5,27.6,10,,2019-06-12T05:18:21,2019-06-12T18:52:33,0.37,Clear,Clear conditions throughout the day.,clear-day,"OOMS,41256099999"
muscat,2019-06-13,105.8,87.8,95.7,119.2,87.8,106.2,69.1,49.6,0,0,0,,,,,11.4,173.8,,0,5.2,350.9,30.3,10,,2019-06-13T05:18:26,2019-06-13T18:52:53,0.42,Clear,Clear conditions throughout the day.,clear-day,"OOMS,41256099999"
muscat,2019-06-14,107.6,86,96.7,120.2,86.5,104.6,68.1,43.7,0,0,0,,,,,16.1,108.5,,3.4,5.8,348.9,30.1,10,,2019-06-14T05:18:31,2019-06-14T18:53:13,0.45,Clear,Clear conditions throughout the day.,clear-day,"OOMS,41256099999,remote"
muscat,2019-06-15,100.4,87.8,94.1,131.1,94.2,115,79.9,65,0,0,0,,,,,11.4,150.5,,0,5.4,335.4,29,10,,2019-06-15T05:18:37,2019-06-15T18:53:31,0.48,Clear,Clear conditions throughout the day.,clear-day,"OOMS,41256099999"
muscat,2019-06-16,100.4,87.8,95,125.7,97.1,115,78.3,62.4,0,0,0,,,,,19.7,136.1,,0,5.9,296.1,25.5,9,,2019-06-16T05:18:45,2019-06-16T18:53:49,0.5,Clear,Clear conditions throughout the day.,clear-day,"OOMS,41256099999"
muscat,2019-06-17,102.2,87.8,94.6,121.2,102.8,114.7,79.9,64.3,0,0,0,,,,,15,110.7,,0,5.7,272.5,23.6,8,,2019-06-17T05:18:53,2019-06-17T18:54:06,0.5,Clear,Clear conditions throughout the day.,clear-day,"OOMS,41256099999"
muscat,2019-06-18,104,87.8,93.1,136.5,105.1,118.4,82.3,74.9,0,0,0,,,,,16.1,106.7,,31.2,4.4,321.6,28,10,,2019-06-18T05:19:03,2019-06-18T18:54:22,0.51,Partially cloudy,Partly cloudy throughout the day.,partly-cloudy-day,"OOMS,41256099999"
muscat,2019-06-19,104,89.6,94.2,128.5,104.9,121.4,83,73.7,0,0,0,,,,,21.9,121.6,,10.3,5.2,317.1,27.3,10,,2019-06-19T05:19:13,2019-06-19T18:54:37,0.53,Clear,Clear conditions throughout the day.,clear-day,"OOMS,41256099999"
muscat,2019-06-20,99.8,87.8,91.4,128.5,88,118.4,82.8,79.1,0,0,0,,,,,12.8,200.3,,7.9,4.4,306.4,26.6,9,,2019-06-20T05:19:24,2019-06-20T18:54:52,0.55,Clear,Clear conditions throughout the day.,clear-day,"OOMS,41256099999,remote"
muscat,2019-06-21,93.2,87.8,90.5,125.7,111.8,117.5,84.6,83.1,0,0,0,,,,,12.8,131.7,,19.4,5.2,324,28,10,,2019-06-21T05:19:36,2019-06-21T18:55:05,0.59,Clear,Clear conditions throughout the day.,clear-day,"OOMS,41256099999"
muscat,2019-06-22,96.8,87.8,92.8,125.7,102,117.6,82.5,73.6,0,0,0,,,,,11.4,86.6,,11.6,5.1,323.3,27.9,10,,2019-06-22T05:19:49,2019-06-22T18:55:18,0.62,Clear,Clear conditions throughout the day.,clear-day,"OOMS,41256099999"
muscat,2019-06-23,104,91.4,98.1,129,99.8,115.4,75.6,52.5,0,0,0,,,,,13.9,146.6,,10.4,5.1,305,26.2,9,,2019-06-23T05:20:03,2019-06-23T18:55:30,0.67,Clear,Clear conditions throughout the day.,clear-day,"OOMS,41256099999"
muscat,2019-06-24,104,91.4,96.6,138.8,96.5,113.5,75.4,54.3,0,0,0,,,,,15,146,,0,5.4,312.2,27.1,10,,2019-06-24T05:20:17,2019-06-24T18:55:40,0.71,Clear,Clear conditions throughout the day.,clear-day,"OOMS,41256099999"
muscat,2019-06-25,98.6,87.3,92.6,128.5,91.1,116.9,82.4,72.8,0,0,0,,,,,20.8,79.2,,1.8,5.2,327.6,28.5,10,,2019-06-25T05:20:33,2019-06-25T18:55:50,0.76,Clear,Clear conditions throughout the day.,clear-day,"OOMS,41256099999,remote"
muscat,2019-06-26,95,86,91.6,118.3,103.2,111.6,80.7,71.7,0,0,0,,,,,15,133.1,,3.2,5.7,335,28.9,10,,2019-06-26T05:20:49,2019-06-26T18:55:59,0.81,Clear,Clear conditions throughout the day.,clear-day,"OOMS,41256099999"
muscat,2019-06-27,102.2,87.8,93.6,125.7,101.5,112.9,79.5,65.2,0,0,0,,,,,11.4,92.1,,0,5.6,330,28.5,10,,2019-06-27T05:21:06,2019-06-27T18:56:07,0.85,Clear,Clear conditions throughout the day.,clear-day,"OOMS,41256099999"
muscat,2019-06-28,107.6,93.2,99,124.8,102.5,114.4,75.8,49,0,0,0,,,,,17.2,136.7,,5.7,5.2,309.6,26.8,10,,2019-06-28T05:21:24,2019-06-28T18:56:13,0.9,Clear,Clear conditions throughout the day.,clear-day,"OOMS,41256099999"
muscat,2019-06-29,109.4,98.6,102.1,122,105.9,113.5,72.4,39.4,0,0,0,,,,,17.2,138.8,,5.7,5.2,321.2,27.6,10,,2019-06-29T05:21:42,2019-06-29T18:56:19,0.94,Clear,Clear conditions throughout the day.,clear-day,"OOMS,41256099999"
muscat,2019-06-30,107.6,95,99.8,128.5,103.6,116.6,75.6,48.5,0,0,0,,,,,19.7,128,,0,4.7,335.1,29.2,10,,2019-06-30T05:22:01,2019-06-30T18:56:23,0.97,Clear,Clear conditions throughout the day.,clear-day,"OOMS,41256099999"
muscat,2019-07-01,109.4,91.4,97.6,126.5,105.9,117.2,78.4,56.4,0,0,0,,,,,16.1,134.1,,8.8,4.8,332,28.8,10,,2019-07-01T05:22:20,2019-07-01T18:56:27,0.99,Clear,Clear conditions throughout the day.,clear-day,"OOMS,41256099999"
muscat,2019-07-02,109.4,89.6,97.3,128.5,89.1,110,69,47.6,0,0,0,,,,,12.8,175.5,,0,6,334,28.8,10,,2019-07-02T05:22:41,2019-07-02T18:56:29,1,Clear,Clear conditions throughout the day.,clear-day,"OOMS,41256099999"
muscat,2019-07-03,91.4,87.8,89.5,119.4,108.1,110.8,82.1,79.2,0,0,0,,,,,11.4,57.5,,6.6,5.1,318.4,27.5,10,,2019-07-03T05:23:01,2019-07-03T18:56:30,0,Clear,Clear conditions throughout the day.,clear-day,"OOMS,41256099999"
muscat,2019-07-04,95,87.8,90.8,122.7,105.1,114.4,82.9,78.2,0,0,0,,,,,11.4,112.5,,8,5.5,320.7,27.7,10,,2019-07-04T05:23:23,2019-07-04T18:56:31,0.02,Clear,Clear conditions throughout the day.,clear-day,"OOMS,41256099999"
muscat,2019-07-05,98.6,89.6,94.3,136.3,100.5,119.7,82.3,69.1,0,0,0,,,,,10.3,150,,0,5.5,320.3,27.7,10,,2019-07-05T05:23:45,2019-07-05T18:56:30,0.05,Clear,Clear conditions throughout the day.,clear-day,"OOMS,41256099999"
muscat,2019-07-06,100.4,89.6,93.4,133.6,117.1,124,85.2,77.8,0,0,0,,,,,17.2,102.3,,2.1,4.9,306.3,26.3,9,,2019-07-06T05:24:07,2019-07-06T18:56:27,0.09,Clear,Clear conditions throughout the day.,clear-day,"OOMS,41256099999"
muscat,2019-07-07,95,87.8,91.6,130.8,110.4,118.7,84.2,79.6,0,0,0,,,,,15,80.8,,0,5,316.5,27.4,10,,2019-07-07T05:24:30,2019-07-07T18:56:24,0.14,Clear,Clear conditions throughout the day.,clear-day,"OOMS,41256099999"
muscat,2019-07-08,93.2,86,90.2,121.2,108,114.4,83.4,80.8,0,0,0,,,,,13.9,104.2,,4.2,4.5,316.3,27.4,10,,2019-07-08T05:24:53,2019-07-08T18:56:19,0.2,Clear,Clear conditions throughout the day.,clear-day,"OOMS,41256099999"
muscat,2019-07-09,96.8,86,90.5,123.9,104.8,113.9,82.9,79.2,0,0,0,,,,,16.1,109,,2.7,4.2,323,27.9,10,,2019-07-09T05:25:17,2019-07-09T18:56:14,0.25,Clear,Clear conditions throughout the day.,clear-day,"OOMS,41256099999"
muscat,2019-07-10,102.2,87.8,91.1,125.7,108.3,115.3,83,78.9,0,0,0,,,,,15,104,,5.7,4.5,313.6,27.2,10,,2019-07-10T05:25:41,2019-07-10T18:56:07,0.31,Clear,Clear conditions throughout the day.,clear-day,"OOMS,41256099999"
muscat,2019-07-11,95,87.8,90.7,119.8,100.5,110.6,80.8,73.4,0,0,0,,,,,12.8,115,,4.4,5,333.4,28.8,10,,2019-07-11T05:26:05,2019-07-11T18:55:59,0.36,Clear,Clear conditions throughout the day.,clear-day,"OOMS,41256099999"
muscat,2019-07-12,95,86,90.4,123.9,92.2,110.1,80.4,73.7,0,0,0,,,,,18.3,124.3,,0,5.5,278.2,24.1,9,,2019-07-12T05:26:30,2019-07-12T18:55:49,0.41,Clear,Clear conditions throughout the day.,clear-day,"OOMS,41256099999"
muscat,2019-07-13,107.7,86,89.7,118.3,104.8,111.6,82,80.9,0,0,0,,,,,17.2,172.4,,4.7,4.8,318.7,27.4,10,,2019-07-13T05:26:55,2019-07-13T18:55:39,0.44,Clear,Clear conditions throughout the day.,clear-day,"OOMS,41256099999,remote"
muscat,2019-07-14,91.4,86,89.8,118.3,105.1,112.2,82.6,79.9,0,0,0,,,,,10.3,152.9,,14,4.3,308.3,26.7,10,,2019-07-14T05:27:20,2019-07-14T18:55:27,0.47,Clear,Clear conditions throughout the day.,clear-day,"OOMS,41256099999"
muscat,2019-07-15,96.8,87.8,91.6,122.7,108.1,115.9,83,76.9,0,0,0,,,,,13.9,98.8,,4.6,4.1,302.9,26.1,10,,2019-07-15T05:27:46,2019-07-15T18:55:14,0.49,Clear,Clear conditions throughout the day.,clear-day,"OOMS,41256099999"
muscat,2019-07-16,96.8,87.8,92.5,133.6,107.4,119.9,84,77.2,0,0,0,,,,,19.7,65.5,,0,4.6,311.4,27,10,,2019-07-16T05:28:11,2019-07-16T18:55:00,0.5,Clear,Clear conditions throughout the day.,clear-day,"OOMS,41256099999"
muscat,2019-07-17,91.4,86,88.2,119.4,108,112.8,84.4,88.7,0,0,0,,,,,18.3,84.2,,17.5,4.1,305.7,26.4,10,,2019-07-17T05:28:37,2019-07-17T18:54:44,0.5,Clear,Clear conditions throughout the day.,clear-day,"OOMS,41256099999"
muscat,2019-07-18,101,86,87.8,114.4,104.8,108.3,82.5,85.9,0,0,0,,,,,14.3,111.2,,21.9,4,308,26.6,10,,2019-07-18T05:29:03,2019-07-18T18:54:28,0.52,Partially cloudy,Partly cloudy throughout the day.,partly-cloudy-day,"OOMS,41256099999,remote"
muscat,2019-07-19,91.4,86,87.7,114.4,104.8,108,82.4,84.6,0,0,0,,,,,16.1,88.2,,13.7,4.5,318.6,27.4,10,,2019-07-19T05:29:30,2019-07-19T18:54:10,0.53,Clear,Clear conditions throughout the day.,clear-day,"OOMS,41256099999"
muscat,2019-07-20,93.2,84.2,87.7,110.9,100.8,106,81.4,81.9,0,0,0,,,,,18.3,69,,0,5.8,317.4,27.4,10,,2019-07-20T05:29:56,2019-07-20T18:53:51,0.56,Clear,Clear conditions throughout the day.,clear-day,"OOMS,41256099999"
muscat,2019-07-21,91.4,84.2,88.1,108.1,98.3,103.7,79.5,76,0,0,0,,,,,16.1,136.3,,7,5.2,310.1,26.9,10,,2019-07-21T05:30:22,2019-07-21T18:53:31,0.6,Clear,Clear conditions throughout the day.,clear-day,"OOMS,41256099999"
muscat,2019-07-22,95,84.2,87.6,110.9,96.1,101.5,78.6,75.2,0,0,0,,,,,17.2,105.7,,0,5.8,307.9,26.5,10,,2019-07-22T05:30:49,2019-07-22T18:53:09,0.64,Clear,Clear conditions throughout the day.,clear-day,"OOMS,41256099999"
muscat,2019-07-23,93.2,84.2,88.5,110.4,96.1,102.5,78.3,72.3,0,0,0,,,,,20.8,106.1,,10.4,5.6,265.7,23,9,,2019-07-23T05:31:16,2019-07-23T18:52:47,0.68,Clear,Clear conditions throughout the day.,clear-day,"OOMS,41256099999"
muscat,2019-07-24,93.8,84.2,87.9,108.1,96.1,100.9,77.6,72.1,0,0,0,,,,,21.9,130.4,,15,6,325.4,28,10,,2019-07-24T05:31:42,2019-07-24T18:52:23,0.73,Clear,Clear conditions throughout the day.,clear-day,"OOMS,41256099999,remote"
muscat,2019-07-25,91.4,82.4,87.8,110.9,92.4,102.3,78.8,75.1,0,0,0,,,,,11.4,65.2,,2.3,5.8,292.6,25.3,10,,2019-07-25T05:32:09,2019-07-25T18:51:58,0.78,Clear,Clear conditions throughout the day.,clear-day,"OOMS,41256099999"
muscat,2019-07-26,100.4,87.8,93.7,112.9,99.9,106.2,75.5,56.1,0,0,0,,,,,21.9,123,,0,5.5,301.8,26,10,,2019-07-26T05:32:35,2019-07-26T18:51:32,0.83,Clear,Clear conditions throughout the day.,clear-day,"OOMS,41256099999"
muscat,2019-07-27,104,91.4,95.7,116.1,102.8,109,75.4,53.1,0,0,0,,,,,26.4,137.1,,1.1,3,273.5,23.9,9,,2019-07-27T05:33:02,2019-07-27T18:51:04,0.87,Clear,Clear conditions throughout the day.,clear-day,"OOMS,41256099999"
muscat,2019-07-28,100.4,87.8,93.2,125.7,105.1,112,79.2,66,0,0,0,,,,,17.2,110.9,,6.9,4,293,25.4,9,,2019-07-28T05:33:29,2019-07-28T18:50:36,0.92,Clear,Clear conditions throughout the day.,clear-day,"OOMS,41256099999"
muscat,2019-07-29,96.7,84.2,88.6,118.3,99.5,108.8,81.8,81.7,0,0,0,,,,,17.2,93.6,,14.1,4.2,286.6,24.9,9,,2019-07-29T05:33:55,2019-07-29T18:50:06,0.96,Clear,Clear conditions throughout the day.,clear-day,"OOMS,41256099999,remote"
muscat,2019-07-30,96.8,86,89.4,119.4,104.8,110.7,82.1,80.2,0,0,0,,,,,11.4,142.9,,19.2,4.4,180.9,15.5,7,,2019-07-30T05:34:21,2019-07-30T18:49:36,0.99,Clear,Clear conditions throughout the day.,clear-day,"OOMS,41256099999"
muscat,2019-07-31,91.4,86,88.8,115.2,101.9,109.7,82.3,81.5,0,0,0,,,,,9.2,90.2,,19.8,5.3,227.5,19.7,9,,2019-07-31T05:34:48,2019-07-31T18:49:04,1,Clear,Clear conditions throughout the day.,clear-day,"OOMS,41256099999"
muscat,2019-08-01,98.6,87.8,92.8,121.1,107.4,113.7,81.1,69.9,0,0,0,,,,,13.9,81.5,,0,5.9,242.4,20.8,9,,2019-08-01T05:35:14,2019-08-01T18:48:31,0,Clear,Clear conditions throughout the day.,clear-day,"OOMS,41256099999"
muscat,2019-08-02,95,89.6,92,121.2,102.8,113.4,81.2,71.5,0,0,0,,,,,13.9,154.5,,0,5.5,248.3,21.5,8,,2019-08-02T05:35:40,2019-08-02T18:47:57,0.01,Clear,Clear conditions throughout the day.,clear-day,"OOMS,41256099999"
muscat,2019-08-03,93.2,86,88.9,121.2,104.8,111,82.9,83.2,0,0,0,,,,,19.7,124,,0,3.9,272.4,23.5,9,,2019-08-03T05:36:06,2019-08-03T18:47:22,0.04,Clear,Clear conditions throughout the day.,clear-day,"OOMS,41256099999"
muscat,2019-08-04,87.8,84.2,86,108.3,98.3,105,82.6,89.9,0,0,0,,,,,17.2,137.7,,3.9,4,297.8,25.8,9,,2019-08-04T05:36:32,2019-08-04T18:46:46,0.08,Clear,Clear conditions throughout the day.,clear-day,"OOMS,41256099999"
muscat,2019-08-05,95,82.4,87.7,111.8,96.1,105.8,81.4,82.3,0,0,0,,,,,13.9,134.2,,7.8,4.1,264.6,22.8,9,,2019-08-05T05:36:58,2019-08-05T18:46:08,0.13,Clear,Clear conditions throughout the day.,clear-day,"OOMS,41256099999"
muscat,2019-08-06,95,86,91,122.7,100.9,111.8,81.2,74.6,0,0,0,,,,,10.3,87.9,,6.5,4.9,322,28,10,,2019-08-06T05:37:23,2019-08-06T18:45:30,0.18,Clear,Clear conditions throughout the day.,clear-day,"OOMS,41256099999"
muscat,2019-08-07,105.8,89.6,98,111.6,93.5,101,63.3,34.5,0,0,0,,,,,10.3,170.2,,3.1,5.9,317.5,27.3,10,,2019-08-07T05:37:48,2019-08-07T18:44:51,0.24,Clear,Clear conditions throughout the day.,clear-day,"OOMS,41256099999"
muscat,2019-08-08,105.8,89.6,95.1,119.8,90.1,105,70.3,48.4,0,0,0,,,,,13.9,166.5,,0,5.6,291,25.1,9,,2019-08-08T05:38:14,2019-08-08T18:44:11,0.29,Clear,Clear conditions throughout the day.,clear-day,"OOMS,41256099999"
muscat,2019-08-09,93.2,86,88.3,114.4,104.8,109,82.4,83.3,0,0,0,,,,,18.3,66.7,,10.3,4.3,265.2,23,9,,2019-08-09T05:38:38,2019-08-09T18:43:30,0.34,Clear,Clear conditions throughout the day.,clear-day,"OOMS,41256099999"
muscat,2019-08-10,93.2,84.2,88.5,117.1,90.6,107,81,79.2,0,0,0,,,,,12.8,111.6,,1.2,5,267.3,23.2,9,,2019-08-10T05:39:03,2019-08-10T18:42:47,0.39,Clear,Clear conditions throughout the day.,clear-day,"OOMS,41256099999,remote"
muscat,2019-08-11,102.2,86,91.7,129.7,102.6,114.4,82.3,75.1,0,0,0,,,,,15,139.6,,0,4.8,272,23.5,9,,2019-08-11T05:39:28,2019-08-11T18:42:04,0.43,Clear,Clear conditions throughout the day.,clear-day,"OOMS,41256099999"
muscat,2019-08-12,95,84.2,88.3,116.1,98.3,106.8,81.2,80.2,0,0,0,,,,,17.2,125,,17.9,4.1,265.6,23,9,,2019-08-12T05:39:52,2019-08-12T18:41:20,0.46,Clear,Clear conditions throughout the day.,clear-day,"OOMS,41256099999"
muscat,2019-08-13,93.2,86,88.9,113.6,101.9,107,80.8,77.5,0,0,0,,,,,13.9,119.2,,6.4,4.8,289.3,25,9,,2019-08-13T05:40:16,2019-08-13T18:40:35,0.48,Clear,Clear conditions throughout the day.,clear-day,"OOMS,41256099999"
muscat,2019-08-14,96.9,86,90.5,110.9,98.3,106.1,78.3,69,0,0,0,,,,,11.4,130.5,,3.5,5.9,305.7,26.5,10,,2019-08-14T05:40:40,2019-08-14T18:39:50,0.5,Clear,Clear conditions throughout the day.,clear-day,"OOMS,41256099999,remote"
muscat,2019-08-15,93.2,86,89.8,111.5,100.3,106.3,79.3,71.5,0,0,0,,,,,12.8,125.8,,0,6.1,307.3,26.4,10,,2019-08-15T05:41:04,2019-08-15T18:39:03,0.5,Clear,Clear conditions throughout the day.,clear-day,"OOMS,41256099999"
muscat,2019-08-16,98.6,82.4,89.7,113.6,92.4,103,77.2,68.8,0,0,0,,,,,11.4,179.6,,0,5.5,321.8,27.7,10,,2019-08-16T05:41:27,2019-08-16T18:38:16,0.51,Clear,Clear conditions throughout the day.,clear-day,"OOMS,41256099999"
muscat,2019-08-17,95,82.4,88.3,113.6,90.9,103.1,78.9,74.6,0,0,0,,,,,16.1,145.3,,0,5.6,309.6,26.9,10,,2019-08-17T05:41:51,2019-08-17T18:37:27,0.52,Clear,Clear conditions throughout the day.,clear-day,"OOMS,41256099999"
muscat,2019-08-18,89.6,84.2,86.1,105.2,94.2,100.2,79.4,80.9,0,0,0,,,,,20.8,136.1,,5.7,5.5,317.2,27.4,10,,2019-08-18T05:42:14,2019-08-18T18:36:38,0.54,Clear,Clear conditions throughout the day.,clear-day,"OOMS,41256099999"
muscat,2019-08-19,89.6,80.6,85,102.6,86.2,95.4,77,77.4,0,0,0,,,,,17.2,124.3,,0,6.2,323.4,27.9,10,,2019-08-19T05:42:36,2019-08-19T18:35:48,0.57,Clear,Clear conditions throughout the day.,clear-day,"OOMS,41256099999"
muscat,2019-08-20,91.4,80.6,84.5,101.9,86.2,94.1,76.8,78.5,0,0,0,,,,,18.3,136.3,,0,6.2,321.8,27.6,10,,2019-08-20T05:42:59,2019-08-20T18:34:58,0.61,Clear,Clear conditions throughout the day.,clear-day,"OOMS,41256099999"
muscat,2019-08-21,93.2,78.8,85.3,107.8,78.8,95,76.6,76.5,0,0,0,,,,,12.8,178.8,,0,5.9,313.3,27.1,10,,2019-08-21T05:43:21,2019-08-21T18:34:06,0.65,Clear,Clear conditions throughout the day.,clear-day,"OOMS,41256099999"
muscat,2019-08-22,91.4,80.6,85.5,108.1,88.2,98.2,79,82.1,0,0,0,,,,,12.8,140.6,,16,5.4,300.9,25.9,10,,2019-08-22T05:43:44,2019-08-22T18:33:14,0.7,Clear,Clear conditions throughout the day.,clear-day,"OOMS,41256099999"
muscat,2019-08-23,91.4,82.4,85.8,110.9,94.2,101.1,80.6,85,0,0,0,,,,,13.9,159.8,,6.9,5.4,304.5,26.2,10,,2019-08-23T05:44:06,2019-08-23T18:32:22,0.75,Clear,Clear conditions throughout the day.,clear-day,"OOMS,41256099999"
muscat,2019-08-24,96.8,82.4,86.7,115.3,88.3,101.6,79.6,79.9,0,0,0,,,,,15,113.7,,5.7,6,315,27.3,10,,2019-08-24T05:44:27,2019-08-24T18:31:28,0.8,Clear,Clear conditions throughout the day.,clear-day,"OOMS,41256099999"
muscat,2019-08-25,104,84.2,90.6,115.2,89.4,101.2,74.1,62.6,0,0,0,,,,,15,121.6,,3.4,6.2,315.7,27.3,10,,2019-08-25T05:44:49,2019-08-25T18:30:34,0.85,Clear,Clear conditions throughout the day.,clear-day,"OOMS,41256099999"
muscat,2019-08-26,89.6,82.4,86.3,111.5,94.2,103,81.1,84.8,0,0,0,,,,,15,107.8,,7.6,5.4,317.6,27.4,10,,2019-08-26T05:45:10,2019-08-26T18:29:40,0.9,Clear,Clear conditions throughout the day.,clear-day,"OOMS,41256099999"
muscat,2019-08-27,93.2,78.8,85.6,108.3,78.8,98.3,79,81.5,0,0,0,,,,,11.4,104.6,,10.3,4.9,308,26.6,10,,2019-08-27T05:45:31,2019-08-27T18:28:44,0.94,Clear,Clear conditions throughout the day.,clear-day,"OOMS,41256099999"
muscat,2019-08-28,100.4,78.8,88.5,105.2,78.8,95.3,71.9,61.4,0,0,0,,,,,11.4,103.6,,0,6.1,321.2,27.7,10,,2019-08-28T05:45:52,2019-08-28T18:27:49,0.98,Clear,Clear conditions throughout the day.,clear-day,"OOMS,41256099999"
muscat,2019-08-29,104,82.4,89.2,108.3,87.2,97.2,71.7,62.5,0,0,0,,,,,13.9,108.8,,0,6.1,304.4,26.3,10,,2019-08-29T05:46:13,2019-08-29T18:26:52,1,Clear,Clear conditions throughout the day.,clear-day,"OOMS,41256099999"
muscat,2019-08-30,96.8,82.4,87.6,113.6,90.9,101.2,78.3,75.2,0,0,0,,,,,13.9,160.2,,6.9,6.1,290.3,25.1,10,,2019-08-30T05:46:34,2019-08-30T18:25:56,0,Clear,Clear conditions throughout the day.,clear-day,"OOMS,41256099999"
muscat,2019-08-31,95,82.4,89.3,110.4,90.9,100.6,75.7,66.1,0,0,0,,,,,9.2,154.9,,0,6.1,307.1,26.4,10,,2019-08-31T05:46:54,2019-08-31T18:24:58,0.01,Clear,Clear conditions throughout the day.,clear-day,"OOMS,41256099999"
muscat,2019-09-01,100.4,84.2,89.5,116.1,94.2,105.2,78.9,72.8,0,0,0,,,,,11.4,139.5,,0,5.8,222,19.1,7,,2019-09-01T05:47:14,2019-09-01T18:24:00,0.03,Clear,Clear conditions throughout the day.,clear-day,"OOMS,41256099999"
muscat,2019-09-02,93.2,84.2,87.7,117.1,95.2,103.6,79.6,77.6,0,0,0,,,,,11.4,154.3,,0,5.7,300.9,25.9,10,,2019-09-02T05:47:35,2019-09-02T18:23:02,0.07,Clear,Clear conditions throughout the day.,clear-day,"OOMS,41256099999"
muscat,2019-09-03,91.4,84.2,86.9,114.4,98.3,105.1,81.7,84.8,0,0,0,,,,,12.8,185.6,,8.2,6,281.7,24.4,9,,2019-09-03T05:47:55,2019-09-03T18:22:03,0.11,Clear,Clear conditions throughout the day.,clear-day,"OOMS,41256099999"
muscat,2019-09-04,93.2,86,88.2,118.3,93.5,106.3,80.6,78.9,0,0,0,,,,,10.3,154.4,,7.9,6.1,248.6,21.4,9,,2019-09-04T05:48:15,2019-09-04T18:21:04,0.16,Clear,Clear conditions throughout the day.,clear-day,"OOMS,41256099999"
muscat,2019-09-05,95,86,89.5,115.2,99.9,106,79.3,73.7,0,0,0,,,,,9.2,111.9,,15.6,5.6,288.8,25,9,,2019-09-05T05:48:34,2019-09-05T18:20:05,0.22,Clear,Clear conditions throughout the day.,clear-day,"OOMS,41256099999"
muscat,2019-09-06,100.4,84.2,89.8,121.2,86.5,108,79.6,73.1,0,0,0,,,,,13.9,146.1,,3.9,5.5,292.1,25.3,10,,2019-09-06T05:48:54,2019-09-06T18:19:05,0.27,Clear,Clear conditions throughout the day.,clear-day,"OOMS,41256099999"
muscat,2019-09-07,98.6,86,90.4,123.9,95.2,108.4,79.6,71.7,0,0,0,,,,,12.8,125.7,,0,6.1,254.6,22,8,,2019-09-07T05:49:14,2019-09-07T18:18:05,0.32,Clear,Clear conditions throughout the day.,clear-day,"OOMS,41256099999"
muscat,2019-09-08,105.8,86,91.6,122.7,95.8,111.9,79.8,73.2,0,0,0,,,,,12.8,132.4,,2.7,5.9,260.7,22.6,8,,2019-09-08T05:49:33,2019-09-08T18:17:05,0.37,Clear,Clear conditions throughout the day.,clear-day,"OOMS,41256099999"
muscat,2019-09-09,93.2,86,88,118.3,101.9,108.7,82.5,84,0,0,0,,,,,17.2,172.1,,6.9,5.1,298,25.7,10,,2019-09-09T05:49:52,2019-09-09T18:16:04,0.41,Clear,Clear conditions throughout the day.,clear-day,"OOMS,41256099999"
muscat,2019-09-10,91.4,84.2,87.5,114.4,92.7,102,78.6,75.6,0,0,0,,,,,15,120.5,,4.6,5.3,297.9,25.9,10,,2019-09-10T05:50:12,2019-09-10T18:15:03,0.44,Clear,Clear conditions throughout the day.,clear-day,"OOMS,41256099999"
muscat,2019-09-11,93.2,82.4,87,108.1,87.4,100.5,78.3,76.3,0,0,0,,,,,17.2,87.8,,0,5.7,295.6,25.6,10,,2019-09-11T05:50:31,2019-09-11T18:14:02,0.47,Clear,Clear conditions throughout the day.,clear-day,"OOMS,41256099999"
muscat,2019-09-12,93.2,82.4,86.1,110.4,90.9,98.8,78.4,78.4,0,0,0,,,,,16.1,152.3,,0,5.5,291.2,25,10,,2019-09-12T05:50:50,2019-09-12T18:13:00,0.49,Clear,Clear conditions throughout the day.,clear-day,"OOMS,41256099999"
muscat,2019-09-13,93.2,82.4,86.2,110.9,89.5,99.4,78.6,78.8,0,0,0,,,,,12.8,139.6,,0,5.3,291.4,25,10,,2019-09-13T05:51:10,2019-09-13T18:11:59,0.5,Clear,Clear conditions throughout the day.,clear-day,"OOMS,41256099999"
muscat,2019-09-14,93.2,80.6,86.3,117.1,87.1,99.9,79.4,81.2,0,0,0,,,,,12.8,101.3,,2.3,5.2,285.5,24.6,10,,2019-09-14T05:51:29,2019-09-14T18:10:57,0.5,Clear,Clear conditions throughout the day.,clear-day,"OOMS,41256099999"
muscat,2019-09-15,91.4,82.4,86.4,111.5,90.9,99.6,78.6,78.3,0,0,0,,,,,16.1,138.5,,0,6,288.4,25,10,,2019-09-15T05:51:48,2019-09-15T18:09:55,0.51,Clear,Clear conditions throughout the day.,clear-day,"OOMS,41256099999"
muscat,2019-09-16,91.4,82.4,86.6,105.1,88.4,98.3,77.1,74.5,0,0,0,,,,,12.8,220.6,,19.3,5.6,251,21.8,9,,2019-09-16T05:52:07,2019-09-16T18:08:53,0.53,Clear,Clear conditions throughout the day.,clear-day,"OOMS,41256099999"
muscat,2019-09-17,98.6,83.6,90.5,112.9,84.8,100.1,73.7,60.1,0,0,0,,,,,13.9,258.9,,1.8,6.2,294.4,25.5,10,,2019-09-17T05:52:26,2019-09-17T18:07:51,0.55,Clear,Clear conditions throughout the day.,clear-day,"OOMS,41256099999,remote"
muscat,2019-09-18,98.5,82.4,89.9,107.5,83.6,97.8,72,57.2,0,0,0,,,,,16.1,100.8,,8,6.1,294.1,25.4,10,,2019-09-18T05:52:46,2019-09-18T18:06:49,0.59,Clear,Clear conditions throughout the day.,clear-day,"OOMS,41256099999,remote"
muscat,2019-09-19,93.2,80.6,86.5,108.1,86.2,97.3,76.2,72.1,0,0,0,,,,,16.1,134.6,,0,6.2,301.2,25.9,10,,2019-09-19T05:53:05,2019-09-19T18:05:47,0.63,Clear,Clear conditions throughout the day.,clear-day,"OOMS,41256099999"
muscat,2019-09-20,96.8,80.6,88,110.4,86.5,95.6,73.2,65.6,0,0,0,,,,,9.2,127,,0,5.9,291.9,25.2,10,,2019-09-20T05:53:24,2019-09-20T18:04:45,0.67,Clear,Clear conditions throughout the day.,clear-day,"OOMS,41256099999"
muscat,2019-09-21,96.8,82.4,88.5,111.5,82.9,97.9,72.3,60.7,0,0,0,,,,,10.3,156.2,,0.4,6.2,286.7,24.9,9,,2019-09-21T05:53:44,2019-09-21T18:03:43,0.72,Clear,Clear conditions throughout the day.,clear-day,"OOMS,41256099999"
muscat,2019-09-22,96.8,84.2,89.1,114.4,85,101,74.8,64,0,0,0,,,,,10.3,143.2,,3.4,6.2,280.5,24,9,,2019-09-22T05:54:03,2019-09-22T18:02:41,0.78,Clear,Clear conditions throughout the day.,clear-day,"OOMS,41256099999"
muscat,2019-09-23,96.8,82.4,88,115.2,85.3,102.1,77.6,72.2,0,0,0,,,,,15,139.6,,4.2,6,279.4,24,9,,2019-09-23T05:54:23,2019-09-23T18:01:39,0.83,Clear,Clear conditions throughout the day.,clear-day,"OOMS,41256099999,remote"
muscat,2019-09-24,93.2,84.2,87.9,110.9,98.3,103.3,79.4,76.5,0,0,0,,,,,24.2,107,,11.8,5.9,167.5,14.4,6,,2019-09-24T05:54:43,2019-09-24T18:00:37,0.88,Clear,Clear conditions throughout the day.,clear-day,"OOMS,41256099999"
muscat,2019-09-25,95,82.4,86.5,100.5,88.3,94.7,74.2,68.4,0,0,0,,,,,18.3,88.3,,10.3,6.2,274.1,23.8,9,,2019-09-25T05:55:03,2019-09-25T17:59:35,0.93,Clear,Clear conditions throughout the day.,clear-day,"OOMS,41256099999"
muscat,2019-09-26,89.6,78.8,85.1,105.2,78.8,93.9,75.4,73.3,0,0,0,,,,,15,94,,8.5,6,268.2,23.1,9,,2019-09-26T05:55:23,2019-09-26T17:58:34,0.97,Clear,Clear conditions throughout the day.,clear-day,"OOMS,41256099999,remote"
muscat,2019-09-27,93.2,82.4,87.4,102.8,88.3,96.1,74.2,65.3,0,0,0,,,,,17.2,118.4,,4.6,6.2,223.4,19.3,8,,2019-09-27T05:55:43,2019-09-27T17:57:32,0.99,Clear,Clear conditions throughout the day.,clear-day,"OOMS,41256099999"
muscat,2019-09-28,96.8,82.4,89.7,107.8,92.4,99,74.2,62.1,0,0,0,,,,,11.4,111,,2.3,6.2,271.9,23.6,9,,2019-09-28T05:56:04,2019-09-28T17:56:31,1,Clear,Clear conditions throughout the day.,clear-day,"OOMS,41256099999"
muscat,2019-09-29,100.4,87.8,93.7,113.6,94.2,105.1,74,54.8,0,0,0,,,,,17.2,133.4,,2.3,5.9,269.5,23.4,9,,2019-09-29T05:56:24,2019-09-29T17:55:30,0,Clear,Clear conditions throughout the day.,clear-day,"OOMS,41256099999"
muscat,2019-09-30,95,86,90.7,121.2,95.2,106.5,78.3,67.4,0,0,0,,,,,13.9,148.4,,1.1,6.1,244.7,21.1,8,,2019-09-30T05:56:45,2019-09-30T17:54:29,0.02,Clear,Clear conditions throughout the day.,clear-day,"OOMS,41256099999"
muscat,2019-10-01,98.6,86,92.1,116.1,91.2,104.5,74.4,58.6,0,0,0,,,,,16.1,117,,5.7,6.1,258.8,22.5,9,,2019-10-01T05:57:06,2019-10-01T17:53:29,0.05,Clear,Clear conditions throughout the day.,clear-day,"OOMS,41256099999"
muscat,2019-10-02,104,86,92.4,115.2,96.5,105.2,74.4,60.9,0,0,0,,,,,15,143,,20.4,6.1,230,19.7,8,,2019-10-02T05:57:28,2019-10-02T17:52:29,0.09,Partially cloudy,Partly cloudy throughout the day.,partly-cloudy-day,"OOMS,41256099999"
muscat,2019-10-03,100.4,86,89.5,115.2,98.7,108.2,80.6,77.4,0,0,0,,,,,16.1,137.3,,10.3,5.3,229.7,19.8,8,,2019-10-03T05:57:49,2019-10-03T17:51:29,0.14,Clear,Clear conditions throughout the day.,clear-day,"OOMS,41256099999"
muscat,2019-10-04,91.4,86,88.3,115.2,93.2,105.8,80.1,77.9,0,0,0,,,,,16.1,97.2,,6.8,6,228.5,19.6,8,,2019-10-04T05:58:11,2019-10-04T17:50:30,0.19,Clear,Clear conditions throughout the day.,clear-day,"OOMS,41256099999"
muscat,2019-10-05,87.8,78.8,84.2,104.8,78.8,93.1,75.6,76,0,0,0,,,,,20.8,111.4,,36.8,5.6,222.4,19.2,8,,2019-10-05T05:58:33,2019-10-05T17:49:31,0.24,Partially cloudy,Partly cloudy throughout the day.,partly-cloudy-day,"OOMS,41256099999,remote"
muscat,2019-10-06,95,82.4,86.1,105.2,90.9,97.1,77,75.7,0,0,0,,,,,20.8,134.3,,17.5,6.1,244.8,21.1,8,,2019-10-06T05:58:56,2019-10-06T17:48:32,0.29,Clear,Clear conditions throughout the day.,clear-day,"OOMS,41256099999"
muscat,2019-10-07,91.4,80.6,85.3,108.1,88.2,96.5,77.8,79.3,0,0,0,,,,,17.2,100.9,,14.2,6.2,260,22.5,9,,2019-10-07T05:59:18,2019-10-07T17:47:34,0.34,Clear,Clear conditions throughout the day.,clear-day,"OOMS,41256099999"
muscat,2019-10-08,87.8,80.6,84.7,102.4,86.2,94.1,76.3,76.2,0,0,0,,,,,13.9,129.8,,17.1,6.2,267.8,23,9,,2019-10-08T05:59:41,2019-10-08T17:46:36,0.38,Clear,Clear conditions throughout the day.,clear-day,"OOMS,41256099999"
muscat,2019-10-09,96.8,78.8,86.5,102.7,78.8,92.6,72,63.5,0,0,0,,,,,13.9,141.5,,0,6.2,263.8,22.7,9,,2019-10-09T06:00:05,2019-10-09T17:45:39,0.42,Clear,Clear conditions throughout the day.,clear-day,"OOMS,41256099999"
muscat,2019-10-10,96.8,80.6,88.2,105.2,85.3,96.1,73.6,63.9,0,0,0,,,,,12.8,116.8,,4.6,6.2,261.3,22.6,9,,2019-10-10T06:00:29,2019-10-10T17:44:43,0.45,Clear,Clear conditions throughout the day.,clear-day,"OOMS,41256099999"
muscat,2019-10-11,91.4,80.6,86.4,108.1,86.2,99,77.9,76.5,0,0,0,,,,,10.3,118.5,,21.5,5.2,238.4,20.5,8,,2019-10-11T06:00:53,2019-10-11T17:43:46,0.47,Partially cloudy,Becoming cloudy in the afternoon.,partly-cloudy-day,"OOMS,41256099999"
muscat,2019-10-12,89.6,80.6,86.3,105.2,87.1,99,78.3,77.5,0,0,0,,,,,16.1,71.4,,11.8,5.5,254.4,21.9,9,,2019-10-12T06:01:17,2019-10-12T17:42:51,0.49,Clear,Clear conditions throughout the day.,clear-day,"OOMS,41256099999"
muscat,2019-10-13,89.6,80.6,85.3,108.1,86,94.5,75.3,72.7,0,0,0,,,,,17.2,126.6,,14.3,6.2,255.3,22,9,,2019-10-13T06:01:42,2019-10-13T17:41:56,0.5,Clear,Clear conditions throughout the day.,clear-day,"OOMS,41256099999"
muscat,2019-10-14,89.6,78.8,83.7,100.3,78.8,89.9,74.1,73.5,0,0,0,,,,,13.9,207.6,,4.6,6,259.3,22.6,9,,2019-10-14T06:02:07,2019-10-14T17:41:02,0.5,Clear,Clear conditions throughout the day.,clear-day,"OOMS,41256099999"
muscat,2019-10-15,93.2,76.7,84.8,99.2,76.7,89.4,71.1,65.5,0,0,0,,,,,13.9,210.1,,0,6.1,258,22.5,9,,2019-10-15T06:02:33,2019-10-15T17:40:08,0.52,Clear,Clear conditions throughout the day.,clear-day,"OOMS,41256099999,remote"
muscat,2019-10-16,98.6,77,86.3,97.8,77,90,69.5,62.1,0,0,0,,,,,12.8,153.5,,2.3,6,259.5,22.6,9,,2019-10-16T06:02:59,2019-10-16T17:39:16,0.53,Clear,Clear conditions throughout the day.,clear-day,"OOMS,41256099999"
muscat,2019-10-17,95,75.2,85.8,98.2,75.2,87.8,64.1,51.1,0,0,0,,,,,8.1,95.1,,0,6.2,258.9,22.3,9,,2019-10-17T06:03:26,2019-10-17T17:38:23,0.56,Clear,Clear conditions throughout the day.,clear-day,"OOMS,41256099999"
muscat,2019-10-18,96.8,75.2,86.3,94.9,75.2,86.7,57,39.9,0,0,0,,,,,9.2,119,,2.3,6.2,252.9,21.8,9,,2019-10-18T06:03:52,2019-10-18T17:37:32,0.6,Clear,Clear conditions throughout the day.,clear-day,"OOMS,41256099999"
muscat,2019-10-19,93.2,77,85.1,100.5,77,87.8,63.1,48.6,0,0,0,,,,,12.8,166.2,,1.1,6.2,249.4,21.6,9,,2019-10-19T06:04:20,2019-10-19T17:36:41,0.65,Clear,Clear conditions throughout the day.,clear-day,"OOMS,41256099999"
muscat,2019-10-20,89.6,76,83.2,102.6,76,88,65.6,57.2,0,0,0,,,,,12.8,147.6,,4.8,6.1,247.2,21.6,9,,2019-10-20T06:04:48,2019-10-20T17:35:52,0.7,Clear,Clear conditions throughout the day.,clear-day,"OOMS,41256099999,remote"
muscat,2019-10-21,93.8,77,85,102.6,77,90.1,70.5,64.6,0,0,0,,,,,11.4,161.2,,8.5,6.1,244.2,21.3,9,,2019-10-21T06:05:16,2019-10-21T17:35:03,0.75,Clear,Clear conditions throughout the day.,clear-day,"OOMS,41256099999,remote"
muscat,2019-10-22,89.6,80.6,84.7,102.6,82.3,92.7,73.9,70.7,0,0,0,,,,,11.4,145.7,,10.6,6.1,244.6,21.2,9,,2019-10-22T06:05:45,2019-10-22T17:34:15,0.81,Clear,Clear conditions throughout the day.,clear-day,"OOMS,41256099999"
muscat,2019-10-23,95,78.8,85.3,99.9,78.8,89.3,69.9,63.1,0,0,0,,,,,11.4,257.6,,0,6.2,245.4,21.3,9,,2019-10-23T06:06:14,2019-10-23T17:33:27,0.86,Clear,Clear conditions throughout the day.,clear-day,"OOMS,41256099999"
muscat,2019-10-24,96.8,73.4,84.2,98.2,73.4,86.3,63.8,54.1,0,0,0,,,,,11.6,163.3,,0.1,6.2,246.3,21.3,9,,2019-10-24T06:06:44,2019-10-24T17:32:41,0.91,Clear,Clear conditions throughout the day.,clear-day,"OOMS,41256099999,remote"
muscat,2019-10-25,93.2,77,85,99.9,77,88.4,70,63.6,0,0,0,,,,,10.3,159,,0,5.8,245.7,21.3,9,,2019-10-25T06:07:14,2019-10-25T17:31:56,0.95,Clear,Clear conditions throughout the day.,clear-day,"OOMS,41256099999"
muscat,2019-10-26,98.6,77,85.9,102.4,77,90.7,67.6,56.1,0,0,0,,,,,13.9,123.1,,3.8,6,244.1,21.1,9,,2019-10-26T06:07:45,2019-10-26T17:31:11,0.98,Clear,Clear conditions throughout the day.,clear-day,"OOMS,41256099999"
muscat,2019-10-27,89.6,78.8,84.9,105.2,78.8,93.1,74.4,71.3,0,0,0,,,,,21.9,139.1,,5.4,6.1,243.4,21.2,9,,2019-10-27T06:08:16,2019-10-27T17:30:28,1,Clear,Clear conditions throughout the day.,clear-day,"OOMS,41256099999"
muscat,2019-10-28,89.6,77,84,99.9,77,89.1,72.7,70,0,0,0,,,,,18.3,110.5,,1.1,6.2,237.3,20.6,8,,2019-10-28T06:08:48,2019-10-28T17:29:46,0,Clear,Clear conditions throughout the day.,clear-day,"OOMS,41256099999"
muscat,2019-10-29,89.6,73.4,83.1,100.3,73.4,88.8,69.6,64.3,0,0,0,,,,,15,77.7,,9.2,6.1,228.6,19.8,8,,2019-10-29T06:09:20,2019-10-29T17:29:04,0.01,Clear,Clear conditions throughout the day.,clear-day,"OOMS,41256099999"
muscat,2019-10-30,89.6,80.6,84.7,100.3,85.3,93.1,75.2,73.6,0,0,0,,,,,16.1,53.8,,29.6,6,231.2,19.9,8,,2019-10-30T06:09:53,2019-10-30T17:28:24,0.04,Partially cloudy,Partly cloudy throughout the day.,partly-cloudy-day,"OOMS,41256099999"
muscat,2019-10-31,89.6,78.8,84.4,102.6,78.8,92.3,75.1,74.2,0.03,100,8.33,rain,,,,19.7,81.5,,29.1,6.1,232.1,20,8,,2019-10-31T06:10:26,2019-10-31T17:27:45,0.07,"Rain, Partially cloudy",Partly cloudy throughout the day with morning rain.,rain,"OOMS,41256099999"
muscat,2019-11-01,89.6,77,84,97.8,77,90.8,74.5,74.1,0.04,100,12.5,rain,,,,11.4,135.1,,6.9,6.2,233.8,20.1,8,,2019-11-01T06:11:00,2019-11-01T17:27:07,0.11,Rain,Clear conditions throughout the day with rain.,rain,"OOMS,41256099999"
muscat,2019-11-02,87.8,78.8,84.1,97.8,78.8,90.8,72.7,68.8,0,0,0,,,,,11.4,189.2,,19.6,6.2,229.5,19.9,8,,2019-11-02T06:11:34,2019-11-02T17:26:30,0.16,Clear,Clear conditions throughout the day.,clear-day,"OOMS,41256099999"
muscat,2019-11-03,87.8,78.8,83.5,97.8,78.8,89.9,73.3,71.4,0,0,0,,,,,13.9,89.9,,26,6.2,228.1,19.8,8,,2019-11-03T06:12:08,2019-11-03T17:25:54,0.21,Partially cloudy,Partly cloudy throughout the day.,partly-cloudy-day,"OOMS,41256099999"
muscat,2019-11-04,87.8,78.8,83.4,95.9,78.8,88.5,72.6,70.3,0,0,0,,,,,18.3,80.8,,9,6.2,228.9,19.8,8,,2019-11-04T06:12:44,2019-11-04T17:25:19,0.25,Clear,Clear conditions throughout the day.,clear-day,"OOMS,41256099999"
muscat,2019-11-05,87.8,77,82.3,94.2,77,86.8,72.4,72.7,0,0,0,,,,,10.3,126,,19,5.9,227.5,19.8,8,,2019-11-05T06:13:19,2019-11-05T17:24:46,0.3,Clear,Clear conditions throughout the day.,clear-day,"OOMS,41256099999"
muscat,2019-11-06,86,75.2,81.5,91.9,75.2,84,69.3,67.3,0,0,0,,,,,10.3,154.8,,6.9,6.2,226.6,19.5,8,,2019-11-06T06:13:55,2019-11-06T17:24:14,0.35,Clear,Clear conditions throughout the day.,clear-day,"OOMS,41256099999"
muscat,2019-11-07,87.8,75.2,81.5,91.9,75.2,82,62.1,53.4,0,0,0,,,,,13.9,114.6,,21.6,6.2,227,19.5,8,,2019-11-07T06:14:32,2019-11-07T17:23:43,0.39,Partially cloudy,Partly cloudy throughout the day.,partly-cloudy-day,"OOMS,41256099999,remote"
muscat,2019-11-08,87.9,71.6,81.1,90.5,71.6,81.8,61,51.1,0,0,0,,,,,17.2,124.2,,0,6.2,226.4,19.7,8,,2019-11-08T06:15:09,2019-11-08T17:23:13,0.43,Clear,Clear conditions throughout the day.,clear-day,"OOMS,41256099999"
muscat,2019-11-09,87.8,73.4,80.8,88.5,73.4,81.3,61.4,52.4,0,0,0,,,,,20.8,128.9,,23.7,6.2,183.6,15.8,7,,2019-11-09T06:15:46,2019-11-09T17:22:45,0.46,Partially cloudy,Partly cloudy throughout the day.,partly-cloudy-day,"OOMS,41256099999"
muscat,2019-11-10,84.2,68,76.9,87.4,68,77.4,64.7,67,0.23,100,50,rain,,,,23,142.5,,54.3,6,166.3,14.3,6,,2019-11-10T06:16:24,2019-11-10T17:22:18,0.48,"Rain, Partially cloudy",Partly cloudy throughout the day with rain.,rain,"OOMS,41256099999"
muscat,2019-11-11,82.4,68,74.8,82.3,68,74.9,60.1,63.4,0,0,0,,,,,12.8,264.6,,16.3,6.2,200.4,17.4,7,,2019-11-11T06:17:02,2019-11-11T17:21:52,0.49,Clear,Clear conditions throughout the day.,clear-day,"OOMS,41256099999,remote"
muscat,2019-11-12,84.2,68,76.1,82,68,75.5,52.9,46.7,0,0,0,,,,,11.4,214,,20.1,6.2,226.8,19.4,8,,2019-11-12T06:17:41,2019-11-12T17:21:27,0.5,Partially cloudy,Partly cloudy throughout the day.,partly-cloudy-day,"OOMS,41256099999"
muscat,2019-11-13,82.4,68,75.4,81.8,68,74.9,52.2,46.7,0,0,0,,,,,10.3,201.7,,11.3,6.2,223.6,19.4,8,,2019-11-13T06:18:20,2019-11-13T17:21:04,0.51,Clear,Clear conditions throughout the day.,clear-day,"OOMS,41256099999"
muscat,2019-11-14,82.4,69.8,76.2,81.2,69.8,75.7,48.5,38.2,0,0,0,,,,,11.4,246.5,,11.5,6.2,227.1,19.5,8,,2019-11-14T06:18:59,2019-11-14T17:20:43,0.52,Clear,Clear conditions throughout the day.,clear-day,"OOMS,41256099999"
muscat,2019-11-15,84.2,64.4,75.6,81.7,64.4,75,48.2,39.4,0,0,0,,,,,10.3,172.9,,12.6,6.2,227.6,19.5,8,,2019-11-15T06:19:39,2019-11-15T17:20:22,0.54,Clear,Clear conditions throughout the day.,clear-day,"OOMS,41256099999"
muscat,2019-11-16,84.2,68,77.5,83.1,68,77.2,52.1,41.8,0,0,0,,,,,19.7,125.7,,8.8,6.2,218.6,18.7,8,,2019-11-16T06:20:19,2019-11-16T17:20:03,0.58,Clear,Clear conditions throughout the day.,clear-day,"OOMS,41256099999,remote"
muscat,2019-11-17,84.2,71.6,78.4,83.5,71.6,78.3,56.3,47.3,0,0,0,,,,,24.2,102.5,,24.9,6.2,157.5,13.7,7,,2019-11-17T06:20:59,2019-11-17T17:19:46,0.63,Partially cloudy,Partly cloudy throughout the day.,partly-cloudy-day,"OOMS,41256099999"
muscat,2019-11-18,82.4,69.8,78.2,84.6,69.8,79.1,63.2,60.2,0,0,0,,,,,18.3,99.4,,22.6,6.2,197.4,17.2,7,,2019-11-18T06:21:40,2019-11-18T17:19:30,0.68,Partially cloudy,Partly cloudy throughout the day.,partly-cloudy-day,"OOMS,41256099999"
muscat,2019-11-19,84.2,71.6,78.5,86.5,71.6,79.4,66.7,68.1,0,0,0,,,,,12.8,95,,9.2,6.2,203.4,17.6,8,,2019-11-19T06:22:21,2019-11-19T17:19:15,0.73,Clear,Clear conditions throughout the day.,clear-day,"OOMS,41256099999,remote"
muscat,2019-11-20,86,71.6,78.3,88.4,71.6,79.2,66.9,70.2,0.23,100,50,rain,,,,16.1,177.1,,35.9,5.7,205.4,17.7,8,,2019-11-20T06:23:02,2019-11-20T17:19:02,0.79,"Rain, Partially cloudy",Partly cloudy throughout the day with a chance of rain throughout the day.,rain,"OOMS,41256099999"
muscat,2019-11-21,80.6,69.8,74.3,83.3,69.8,74.4,68.7,83.3,0.2,100,37.5,rain,,,,12.8,250.4,,48.3,5.6,142.2,12.3,6,,2019-11-21T06:23:43,2019-11-21T17:18:50,0.85,"Rain, Partially cloudy",Partly cloudy throughout the day with rain.,rain,"OOMS,41256099999"
muscat,2019-11-22,78.8,69,74.9,78.8,69,74.9,62,64.9,0,0,0,,,,,11.4,210.5,,60,6.2,199.1,17.2,7,,2019-11-22T06:24:25,2019-11-22T17:18:39,0.9,Partially cloudy,Partly cloudy throughout the day.,partly-cloudy-day,"OOMS,41256099999,remote"
muscat,2019-11-23,78.8,71.6,76,78.8,71.6,76,61,60.3,0,0,0,,,,,11.4,112,,51.6,6.2,176.4,15.4,8,,2019-11-23T06:25:06,2019-11-23T17:18:30,0.94,Partially cloudy,Partly cloudy throughout the day.,partly-cloudy-day,"OOMS,41256099999"
muscat,2019-11-24,78.8,69.8,75.1,78.8,69.8,75.1,61.3,63.2,0,0,0,,,,,13.9,120.8,,28.1,6.2,193.5,16.6,7,,2019-11-24T06:25:48,2019-11-24T17:18:23,0.97,Partially cloudy,Partly cloudy throughout the day.,partly-cloudy-day,"OOMS,41256099999"
muscat,2019-11-25,80.6,69.8,75.2,81.1,69.8,75.2,60.5,61.3,0,0,0,,,,,11.4,125.4,,41.2,6.2,194.9,16.8,7,,2019-11-25T06:26:30,2019-11-25T17:18:17,1,Partially cloudy,Partly cloudy throughout the day.,partly-cloudy-day,"OOMS,41256099999"
muscat,2019-11-26,80.6,68,74.3,80.5,68,74.3,58.1,58.5,0,0,0,,,,,10.3,156.9,,18.2,6.2,206.6,17.9,8,,2019-11-26T06:27:12,2019-11-26T17:18:12,1,Clear,Clear conditions throughout the day.,clear-day,"OOMS,41256099999"
muscat,2019-11-27,80.6,64.4,74,81.1,64.4,74,58.7,60,0,0,0,,,,,8.1,95.6,,19.5,6.2,209,18,8,,2019-11-27T06:27:54,2019-11-27T17:18:09,0,Clear,Clear conditions throughout the day.,clear-day,"OOMS,41256099999"
muscat,2019-11-28,80.6,64.4,73.8,80.8,64.4,73.8,57.1,57.5,0,0,0,,,,,11.4,109.2,,0,6.2,207.6,17.8,8,,2019-11-28T06:28:36,2019-11-28T17:18:07,0.02,Clear,Clear conditions throughout the day.,clear-day,"OOMS,41256099999"
muscat,2019-11-29,80.6,64.4,73.6,81.5,64.4,73.7,57.9,58.9,0,0,0,,,,,15,116.2,,4.6,6.2,206.7,17.8,8,,2019-11-29T06:29:17,2019-11-29T17:18:07,0.05,Clear,Clear conditions throughout the day.,clear-day,"OOMS,41256099999"
muscat,2019-11-30,80.6,64.4,73.5,80.8,64.4,73.5,56.7,56.7,0,0,0,,,,,12.8,121.5,,2.3,6.2,204.5,17.8,7,,2019-11-30T06:29:59,2019-11-30T17:18:09,0.08,Clear,Clear conditions throughout the day.,clear-day,"OOMS,41256099999"
muscat,2019-12-01,80.6,64.4,73.6,81.5,64.4,73.7,58,58.6,0,0,0,,,,,12.8,113.3,,13.8,6.2,206.6,17.8,8,,2019-12-01T06:30:41,2019-12-01T17:18:11,0.12,Clear,Clear conditions throughout the day.,clear-day,"OOMS,41256099999"
muscat,2019-12-02,78.8,64.4,73.7,78.8,64.4,73.7,59,61,0,0,0,,,,,18.3,82.5,,8,6.2,210,18,8,,2019-12-02T06:31:22,2019-12-02T17:18:15,0.17,Clear,Clear conditions throughout the day.,clear-day,"OOMS,41256099999"
muscat,2019-12-03,80.6,64.4,74.1,81.5,64.4,74.2,58.4,59.1,0,0,0,,,,,16.1,111.2,,19.9,6.2,201.5,17.3,7,,2019-12-03T06:32:04,2019-12-03T17:18:21,0.21,Clear,Clear conditions throughout the day.,clear-day,"OOMS,41256099999"
muscat,2019-12-04,80.6,66.2,74.1,81.8,66.2,74.1,60,62.3,0,0,0,,,,,10.3,131.4,,22.8,6.2,200.6,17.2,7,,2019-12-04T06:32:45,2019-12-04T17:18:28,0.26,Partially cloudy,Partly cloudy throughout the day.,partly-cloudy-day,"OOMS,41256099999"
muscat,2019-12-05,80.6,66.2,74.3,82.3,66.2,74.4,62.4,67,0,0,0,,,,,15,101.9,,17.6,6.2,200.6,17.1,7,,2019-12-05T06:33:25,2019-12-05T17:18:36,0.31,Clear,Clear conditions throughout the day.,clear-day,"OOMS,41256099999"
muscat,2019-12-06,80.6,64.4,73.8,81.1,64.4,73.8,59.3,61.5,0,0,0,,,,,11.4,112.7,,8,6.2,202,17.4,7,,2019-12-06T06:34:06,2019-12-06T17:18:46,0.35,Clear,Clear conditions throughout the day.,clear-day,"OOMS,41256099999"
muscat,2019-12-07,80.6,68,75.6,83.3,68,76.1,62.6,64.5,0.02,100,8.33,rain,,,,18.3,126.3,,40.4,5.9,158.6,13.7,6,,2019-12-07T06:34:46,2019-12-07T17:18:57,0.39,"Rain, Partially cloudy",Partly cloudy throughout the day with late afternoon rain.,rain,"OOMS,41256099999"
muscat,2019-12-08,78.8,69.8,73.9,78.8,69.8,73.9,69.1,85.4,0.27,100,50,rain,,,,11.4,201.8,,49.4,4.6,82.6,7,3,,2019-12-08T06:35:26,2019-12-08T17:19:10,0.43,"Rain, Partially cloudy",Partly cloudy throughout the day with rain.,rain,"OOMS,41256099999"
muscat,2019-12-09,82.4,66.2,74.2,87.2,66.2,75.2,68.1,82.3,0.06,100,16.67,rain,,,,10.3,143.9,,1.2,5.8,192.2,16.7,7,,2019-12-09T06:36:05,2019-12-09T17:19:24,0.46,Rain,Clear conditions throughout the day with early morning rain.,rain,"OOMS,41256099999,remote"
muscat,2019-12-10,80.6,69.8,76.1,84.6,69.8,77,69.8,81.4,0,0,0,,,,,10.3,189.5,,14.5,5.7,191.6,16.5,7,,2019-12-10T06:36:44,2019-12-10T17:19:39,0.48,Clear,Clear conditions throughout the day.,clear-day,"OOMS,41256099999"
muscat,2019-12-11,80.6,71.6,75.6,84.6,71.6,75.7,69.5,81.8,0,0,0,,,,,9.2,176.8,,21.9,5.6,161.5,14,7,,2019-12-11T06:37:22,2019-12-11T17:19:56,0.5,Partially cloudy,Partly cloudy throughout the day.,partly-cloudy-day,"OOMS,41256099999"
muscat,2019-12-12,82.4,68,75.4,84,68,75.9,64.9,71.5,0,0,0,,,,,15,238.5,,23.1,6,195.2,16.9,7,,2019-12-12T06:38:00,2019-12-12T17:20:14,0.5,Partially cloudy,Partly cloudy throughout the day.,partly-cloudy-day,"OOMS,41256099999"
muscat,2019-12-13,80.6,69.8,74.9,81.8,69.8,75,62.8,66.9,0,0,0,,,,,9.2,117.4,,33.5,6.2,185.5,16,7,,2019-12-13T06:38:37,2019-12-13T17:20:33,0.51,Partially cloudy,Partly cloudy throughout the day.,partly-cloudy-day,"OOMS,41256099999"
muscat,2019-12-14,82.4,68,75.4,84,68,75.6,64,68.4,0,0,0,,,,,10.3,149.5,,0,6.1,178.3,15.4,7,,2019-12-14T06:39:14,2019-12-14T17:20:54,0.53,Clear,Clear conditions throughout the day.,clear-day,"OOMS,41256099999"
muscat,2019-12-15,80.6,68,75.2,83.3,68,75.8,65.4,72.1,0,0,0,,,,,11.4,107.7,,4.7,6.1,185.7,16.1,7,,2019-12-15T06:39:50,2019-12-15T17:21:15,0.56,Clear,Clear conditions throughout the day.,clear-day,"OOMS,41256099999"
muscat,2019-12-16,82.4,67.4,75.9,85.4,67.4,76.5,65.1,70.3,0,0,0,,,,,20.8,105.3,,15,6.2,186.9,16.1,7,,2019-12-16T06:40:25,2019-12-16T17:21:38,0.61,Clear,Clear conditions throughout the day.,clear-day,"OOMS,41256099999,remote"
muscat,2019-12-17,84.2,71.6,78.4,87.4,71.6,79.4,64,61.4,0,0,0,,,,,21.9,96.8,,8.2,6.2,183.7,15.9,7,,2019-12-17T06:41:00,2019-12-17T17:22:02,0.66,Clear,Clear conditions throughout the day.,clear-day,"OOMS,41256099999"
muscat,2019-12-18,82.4,73.4,78.5,84,73.4,79,62.3,58.1,0,0,0,,,,,15,137.1,,15.1,6.2,167.3,14.4,7,,2019-12-18T06:41:34,2019-12-18T17:22:28,0.71,Clear,Clear conditions throughout the day.,clear-day,"OOMS,41256099999"
muscat,2019-12-19,80.6,73.4,77.2,83.3,73.4,77.4,68.5,74.8,0,0,0,,,,,13.9,242.9,,53.4,6,162.5,14,6,,2019-12-19T06:42:06,2019-12-19T17:22:54,0.77,Partially cloudy,Partly cloudy throughout the day.,partly-cloudy-day,"OOMS,41256099999"
muscat,2019-12-20,75.2,68,72.1,75.2,68,72.1,62.6,73.1,0,0,0,,,,,12.8,166.3,,54.6,6,121.5,10.5,4,,2019-12-20T06:42:39,2019-12-20T17:23:22,0.83,Partially cloudy,Partly cloudy throughout the day.,partly-cloudy-day,"OOMS,41256099999"
muscat,2019-12-21,75.2,62.6,69.3,75.2,62.6,69.3,54.3,61,0,0,0,,,,,8.1,142.3,,38.4,6.2,198.4,17.1,7,,2019-12-21T06:43:10,2019-12-21T17:23:50,0.88,Partially cloudy,Partly cloudy throughout the day.,partly-cloudy-day,"OOMS,41256099999,remote"
muscat,2019-12-22,77,60.8,70.1,77,60.8,70.1,51.2,53.8,0,0,0,,,,,6.9,179.8,,17.2,6.2,204,17.7,8,,2019-12-22T06:43:40,2019-12-22T17:24:20,0.93,Clear,Clear conditions throughout the day.,clear-day,"OOMS,41256099999,remote"
muscat,2019-12-23,77,60.8,69.5,77,60.8,69.5,49.4,50.7,0,0,0,,,,,8.1,125.6,,0,6.2,201.8,17.4,7,,2019-12-23T06:44:09,2019-12-23T17:24:51,0.96,Clear,Clear conditions throughout the day.,clear-day,"OOMS,41256099999"
muscat,2019-12-24,77,62.6,70.3,77,62.6,70.3,50.8,50.9,0,0,0,,,,,9.2,209.9,,13.1,6.2,201.3,17.2,7,,2019-12-24T06:44:38,2019-12-24T17:25:22,0.99,Clear,Clear conditions throughout the day.,clear-day,"OOMS,41256099999"
muscat,2019-12-25,77,60.8,70.4,77,60.8,70.4,53.2,55.8,0,0,0,,,,,10.3,149.8,,2.3,6.2,205.5,17.8,8,,2019-12-25T06:45:05,2019-12-25T17:25:55,1,Clear,Clear conditions throughout the day.,clear-day,"OOMS,41256099999"
muscat,2019-12-26,77,59,69.9,77,59,69.9,51.8,54.2,0,0,0,,,,,9.2,107.9,,1.1,6.2,204.3,17.7,7,,2019-12-26T06:45:31,2019-12-26T17:26:28,0,Clear,Clear conditions throughout the day.,clear-day,"OOMS,41256099999"
muscat,2019-12-27,77,62.6,70.9,77,62.6,70.9,55.2,58.2,0,0,0,,,,,9.2,120.9,,25.2,6.2,200.1,17.2,7,,2019-12-27T06:45:57,2019-12-27T17:27:02,0.01,Partially cloudy,Partly cloudy throughout the day.,partly-cloudy-day,"OOMS,41256099999"
muscat,2019-12-28,77,62.6,71.8,77,62.6,71.8,59.9,66.7,0,0,0,,,,,13.9,120.6,,18,6.2,196.8,17,7,,2019-12-28T06:46:21,2019-12-28T17:27:38,0.03,Clear,Clear conditions throughout the day.,clear-day,"OOMS,41256099999"
muscat,2019-12-29,78.8,66.2,72.6,78.8,66.2,72.6,63.1,72.4,0,0,0,,,,,9.2,116.4,,24.3,6.2,175.5,15.3,7,,2019-12-29T06:46:44,2019-12-29T17:28:14,0.05,Partially cloudy,Partly cloudy throughout the day.,partly-cloudy-day,"OOMS,41256099999"
muscat,2019-12-30,78.8,66.2,72.9,78.8,66.2,72.9,62.1,70.1,0,0,0,,,,,9.2,161.5,,17.7,6.2,196.6,16.9,7,,2019-12-30T06:47:05,2019-12-30T17:28:50,0.09,Clear,Clear conditions throughout the day.,clear-day,"OOMS,41256099999"
muscat,2019-12-31,78.8,63.6,72,78.8,63.6,72,59.1,64.8,0,0,0,,,,,12.8,202.1,,13.6,6.2,196.3,16.8,7,,2019-12-31T06:47:26,2019-12-31T17:29:28,0.13,Clear,Clear conditions throughout the day.,clear-day,"OOMS,41256099999,remote"
muscat,2020-01-01,78.8,64.4,72.3,78.8,64.4,72.3,56,58.6,0,0,0,,,,,11.4,248.7,1012.9,6.9,6.2,194.7,16.7,7,,2020-01-01T06:47:45,2020-01-01T17:30:06,0.17,Clear,Clear conditions throughout the day.,clear-day,"OOMS,41256099999"
muscat,2020-01-02,80.6,66.2,73.9,80.8,66.2,73.9,56.9,56.2,0,0,0,,,,,10.3,104.8,,0,6.2,195.9,16.9,7,,2020-01-02T06:48:04,2020-01-02T17:30:44,0.22,Clear,Clear conditions throughout the day.,clear-day,"OOMS,41256099999"
muscat,2020-01-03,80.6,64.4,73.1,81.1,64.4,73.1,57.4,58.6,0,0,0,,,,,10.3,149.6,,0,6.2,197.6,17,7,,2020-01-03T06:48:21,2020-01-03T17:31:24,0.26,Clear,Clear conditions throughout the day.,clear-day,"OOMS,41256099999"
muscat,2020-01-04,80.6,66.2,74.5,81.8,66.2,74.7,58.6,58.3,0,0,0,,,,,15,105.5,,0,6.2,194.6,16.9,7,,2020-01-04T06:48:36,2020-01-04T17:32:04,0.31,Clear,Clear conditions throughout the day.,clear-day,"OOMS,41256099999"
muscat,2020-01-05,86,71.6,77.6,84.6,71.6,77.6,60.3,56.3,0,0,0,,,,,25.3,189.6,,0,6.2,193.2,16.8,7,,2020-01-05T06:48:50,2020-01-05T17:32:44,0.36,Clear,Clear conditions throughout the day.,clear-day,"OOMS,41256099999"
muscat,2020-01-06,84.2,75.2,77.3,83.5,75.2,77.5,63.7,64,0,0,0,,,,,17.2,267.1,,20,6.2,171.1,14.7,7,,2020-01-06T06:49:03,2020-01-06T17:33:25,0.4,Clear,Partly cloudy throughout the day.,clear-day,"OOMS,41256099999"
muscat,2020-01-07,77,66.2,73.6,77,66.2,73.6,57.4,57.4,0,0,0,,,,,15,297.1,,35.5,6.2,200.5,17.3,7,,2020-01-07T06:49:15,2020-01-07T17:34:06,0.44,Partially cloudy,Partly cloudy throughout the day.,partly-cloudy-day,"OOMS,41256099999"
muscat,2020-01-08,77,60.8,69.8,77,60.8,69.8,53.5,57.2,0,0,0,,,,,16.1,109.9,,16.8,6.2,207.5,17.8,8,,2020-01-08T06:49:26,2020-01-08T17:34:48,0.47,Clear,Clear conditions throughout the day.,clear-day,"OOMS,41256099999,remote"
muscat,2020-01-09,78.8,64.4,72.6,78.8,64.4,72.6,57.3,59.1,0.01,100,4.17,rain,,,,21.9,109.8,,12.5,6.2,191.8,16.6,7,,2020-01-09T06:49:34,2020-01-09T17:35:30,0.49,Rain,Clear conditions throughout the day with late afternoon rain.,rain,"OOMS,41256099999"
muscat,2020-01-10,77,69.8,73.1,77,69.8,73.1,58.6,60.8,0.1,100,33.33,rain,,,,20.8,137,,50.9,6.1,138,11.9,6,,2020-01-10T06:49:42,2020-01-10T17:36:13,0.5,"Rain, Partially cloudy",Partly cloudy throughout the day with rain.,rain,"OOMS,41256099999"
muscat,2020-01-11,82.4,64.4,72.4,82.9,64.4,72.5,62.3,73.3,1.84,100,100,rain,,,36.9,25.3,233.5,,51,4.7,125,10.7,6,,2020-01-11T06:49:48,2020-01-11T17:36:55,0.51,"Rain, Partially cloudy",Partly cloudy throughout the day with a chance of rain throughout the day.,rain,"OOMS,41256099999,remote"
muscat,2020-01-12,69.8,62.6,66.2,69.8,62.6,66.2,48.9,55.6,0.32,100,29.17,rain,,,,20.8,262.5,,36.7,6.1,200.9,17.3,7,,2020-01-12T06:49:53,2020-01-12T17:37:38,0.52,"Rain, Partially cloudy",Partly cloudy throughout the day with rain clearing later.,rain,"OOMS,41256099999"
muscat,2020-01-13,71.6,62.6,65.9,71.6,62.6,65.9,45.2,47.8,0,0,0,,,,,17.2,265.8,,28.4,6.2,181,15.4,7,,2020-01-13T06:49:57,2020-01-13T17:38:21,0.55,Partially cloudy,Partly cloudy throughout the day.,partly-cloudy-day,"OOMS,41256099999"
muscat,2020-01-14,73.4,59,66.3,73.4,59,66.3,49.2,55.3,0,0,0,,,,,13.9,244.2,,24.8,6.2,208.9,17.9,8,,2020-01-14T06:49:59,2020-01-14T17:39:05,0.59,Partially cloudy,Partly cloudy throughout the day.,partly-cloudy-day,"OOMS,41256099999"
muscat,2020-01-15,64.4,55.4,60.3,64.4,55.4,60.3,54.6,83.1,1.19,100,70.83,rain,,,,15.4,226.8,,49.3,5.2,126.8,10.9,5,,2020-01-15T06:49:59,2020-01-15T17:39:48,0.64,"Rain, Partially cloudy",Partly cloudy throughout the day with rain.,rain,"OOMS,41256099999,remote"
muscat,2020-01-16,69.8,55.4,62.6,69.8,55.4,62.6,48.7,63.9,0,0,0,,,,,8.1,181.2,,27,6.2,194,16.9,8,,2020-01-16T06:49:58,2020-01-16T17:40:32,0.69,Partially cloudy,Partly cloudy throughout the day.,partly-cloudy-day,"OOMS,41256099999"
muscat,2020-01-17,71.6,55.4,64.5,71.6,55.4,64.5,49.8,59.9,0,0,0,,,,,9.2,185.4,,17.9,6.2,215.5,18.8,8,,2020-01-17T06:49:56,2020-01-17T17:41:15,0.75,Clear,Clear conditions throughout the day.,clear-day,"OOMS,41256099999"
muscat,2020-01-18,71.6,55.4,65.1,71.6,55.4,65.1,52.3,64.9,0,0,0,,,,,10.3,142.3,,0,6.2,217.2,18.9,8,,2020-01-18T06:49:52,2020-01-18T17:41:59,0.81,Clear,Clear conditions throughout the day.,clear-day,"OOMS,41256099999,remote"
muscat,2020-01-19,75.2,57.2,67.8,75.2,57.2,67.8,56.2,68,0,0,0,,,,,15,129.4,,13.8,6.2,215.7,18.7,8,,2020-01-19T06:49:47,2020-01-19T17:42:43,0.86,Clear,Clear conditions throughout the day.,clear-day,"OOMS,41256099999"
muscat,2020-01-20,77,60.8,69.4,77,60.8,69.4,58.3,69.1,0,0,0,,,,,9.2,151.3,,12.6,6.2,212.8,18.3,8,,2020-01-20T06:49:41,2020-01-20T17:43:27,0.91,Clear,Clear conditions throughout the day.,clear-day,"OOMS,41256099999"
muscat,2020-01-21,78.8,60.8,71,78.8,60.8,71,57,62.4,0,0,0,,,,,19.7,100.4,,9.6,6.2,211.9,18.2,8,,2020-01-21T06:49:33,2020-01-21T17:44:10,0.95,Clear,Clear conditions throughout the day.,clear-day,"OOMS,41256099999,remote"
muscat,2020-01-22,78.8,66.2,73.1,78.8,66.2,73.1,59.4,63,0,0,0,,,,,17.2,125.2,,14.7,6.2,212.4,18.2,8,,2020-01-22T06:49:23,2020-01-22T17:44:54,0.98,Clear,Clear conditions throughout the day.,clear-day,"OOMS,41256099999"
muscat,2020-01-23,84.2,64.4,75.8,83.5,64.4,75.9,59.4,58.9,0,0,0,,,,,16.1,146,,3.9,6.2,209.4,18.1,8,,2020-01-23T06:49:13,2020-01-23T17:45:37,0.99,Clear,Clear conditions throughout the day.,clear-day,"OOMS,41256099999"
muscat,2020-01-24,77,71.6,74.6,77,71.6,74.6,61,63.6,0,0,0,,,,,19.7,222,,41.1,6,174.6,15.1,7,,2020-01-24T06:49:01,2020-01-24T17:46:20,1,Partially cloudy,Partly cloudy throughout the day.,partly-cloudy-day,"OOMS,41256099999"
muscat,2020-01-25,77,68,72.8,77,68,72.8,66.3,80.4,0,0,0,,,,,12.8,192.9,,45.7,5.5,166.5,14.4,7,,2020-01-25T06:48:47,2020-01-25T17:47:03,0,Partially cloudy,Partly cloudy throughout the day.,partly-cloudy-day,"OOMS,41256099999"
muscat,2020-01-26,75.2,68,71.9,75.2,68,71.9,55.3,57.5,0,0,0,,,,,21.9,279.2,,46.3,5.6,182.6,15.8,7,,2020-01-26T06:48:32,2020-01-26T17:47:46,0.01,Partially cloudy,Partly cloudy throughout the day.,partly-cloudy-day,"OOMS,41256099999"
muscat,2020-01-27,71.6,62.6,67.3,71.6,62.6,67.3,45.4,45.5,0,0,0,,,,,20.8,278.8,,22.7,5.2,176.5,15.3,7,,2020-01-27T06:48:16,2020-01-27T17:48:29,0.03,Partially cloudy,Partly cloudy throughout the day.,partly-cloudy-day,"OOMS,41256099999"
muscat,2020-01-28,71.6,62.6,67.3,71.6,62.6,67.3,50.5,55.9,0,0,0,,,,,11.4,244.6,,36.1,6.1,172.2,14.9,7,,2020-01-28T06:47:58,2020-01-28T17:49:11,0.06,Partially cloudy,Partly cloudy throughout the day.,partly-cloudy-day,"OOMS,41256099999"
muscat,2020-01-29,73.4,59,67.6,73.4,59,67.6,49.3,53.2,0,0,0,,,,,11.4,139.4,,10.3,6.2,227.7,19.7,8,,2020-01-29T06:47:39,2020-01-29T17:49:53,0.09,Clear,Clear conditions throughout the day.,clear-day,"OOMS,41256099999"
muscat,2020-01-30,75.2,60.8,68.5,75.2,60.8,68.5,53.2,59.3,0,0,0,,,,,12.8,178.7,,4.3,6.2,227.6,19.4,8,,2020-01-30T06:47:18,2020-01-30T17:50:35,0.13,Clear,Clear conditions throughout the day.,clear-day,"OOMS,41256099999"
muscat,2020-01-31,75.2,60.8,68.5,75.2,60.8,68.5,53.8,60.4,0,0,0,,,,,11.4,260.8,,13.1,6.2,225.1,19.4,8,,2020-01-31T06:46:57,2020-01-31T17:51:17,0.18,Clear,Clear conditions throughout the day.,clear-day,"OOMS,41256099999"
muscat,2020-02-01,75.2,60.8,69.7,75.2,60.8,69.7,54.1,57.9,0,0,0,,,,,15,135.2,,12.7,6.2,227.9,19.5,8,,2020-02-01T06:46:34,2020-02-01T17:51:58,0.22,Clear,Clear conditions throughout the day.,clear-day,"OOMS,41256099999"
muscat,2020-02-02,77,66.2,71.8,77,66.2,71.8,57.5,61.6,0,0,0,,,,,12.8,124.1,,1.1,6.2,190,16.4,7,,2020-02-02T06:46:09,2020-02-02T17:52:39,0.27,Clear,Clear conditions throughout the day.,clear-day,"OOMS,41256099999"
muscat,2020-02-03,78.8,64.4,71.9,78.8,64.4,71.9,55.5,56.6,0,0,0,,,,,15,274.2,,7.7,6.1,227.8,19.4,8,,2020-02-03T06:45:44,2020-02-03T17:53:19,0.32,Clear,Clear conditions throughout the day.,clear-day,"OOMS,41256099999"
muscat,2020-02-04,73.4,54.8,69.2,73.4,54.8,69.2,51.6,54.3,0,0,0,,,,,12.8,287.8,,24.8,6.2,235.6,20.4,8,,2020-02-04T06:45:17,2020-02-04T17:53:59,0.37,Partially cloudy,Partly cloudy throughout the day.,partly-cloudy-day,"OOMS,41256099999,remote"
muscat,2020-02-05,73.4,62.6,69.3,73.4,62.6,69.3,55.2,61.2,0,0,0,,,,,10.3,147,,17.8,6.2,237.4,20.4,8,,2020-02-05T06:44:48,2020-02-05T17:54:39,0.41,Clear,Clear conditions throughout the day.,clear-day,"OOMS,41256099999"
muscat,2020-02-06,75.2,60.8,69.5,75.2,60.8,69.5,58.1,67.7,0,0,0,,,,,10.3,189.2,,2.3,6.2,238.3,20.5,8,,2020-02-06T06:44:19,2020-02-06T17:55:18,0.45,Clear,Clear conditions throughout the day.,clear-day,"OOMS,41256099999"
muscat,2020-02-07,75.2,59,69.7,75.2,59,69.7,56.3,63.8,0,0,0,,,,,9.2,143.3,,0,6.1,239,20.6,8,,2020-02-07T06:43:48,2020-02-07T17:55:57,0.48,Clear,Clear conditions throughout the day.,clear-day,"OOMS,41256099999"
muscat,2020-02-08,77,62.6,71.2,77,62.6,71.2,60.6,69.5,0,0,0,,,,,20.8,125.1,,0,6.1,239,20.5,8,,2020-02-08T06:43:17,2020-02-08T17:56:35,0.5,Clear,Clear conditions throughout the day.,clear-day,"OOMS,41256099999"
muscat,2020-02-09,78.8,64.4,72.6,78.8,64.4,72.6,61.6,70.3,0,0,0,,,,,12.8,139.8,,0,6.1,233,20.1,8,,2020-02-09T06:42:44,2020-02-09T17:57:13,0.5,Clear,Clear conditions throughout the day.,clear-day,"OOMS,41256099999"
muscat,2020-02-10,80.6,66.2,73.9,81.5,66.2,73.9,61.3,65.6,0,0,0,,,,,12.8,156.9,,2.3,6.2,228.4,19.8,8,,2020-02-10T06:42:09,2020-02-10T17:57:51,0.52,Clear,Clear conditions throughout the day.,clear-day,"OOMS,41256099999"
muscat,2020-02-11,78.8,68,73.9,78.8,68,73.9,64.3,72.5,0,0,0,,,,,13.9,118.4,,4.6,6,213.8,18.4,7,,2020-02-11T06:41:34,2020-02-11T17:58:28,0.53,Clear,Clear conditions throughout the day.,clear-day,"OOMS,41256099999"
muscat,2020-02-12,75.2,69.8,73.1,75.2,69.8,73.1,60.4,65.3,0,0,0,,,,,15,287.9,,38.4,6.2,169.4,14.6,6,,2020-02-12T06:40:58,2020-02-12T17:59:05,0.57,Partially cloudy,Partly cloudy throughout the day.,partly-cloudy-day,"OOMS,41256099999"
muscat,2020-02-13,73.4,64.4,69.4,73.4,64.4,69.4,52.1,54.2,0,0,0,,,,,16.1,287.9,,19.3,6.2,253.9,22,9,,2020-02-13T06:40:20,2020-02-13T17:59:41,0.62,Clear,Clear conditions throughout the day.,clear-day,"OOMS,41256099999"
muscat,2020-02-14,73.4,60.8,69.2,73.4,60.8,69.2,52.4,55.8,0,0,0,,,,,12.8,265.4,,0,6.2,256.2,22.3,9,,2020-02-14T06:39:42,2020-02-14T18:00:17,0.67,Clear,Clear conditions throughout the day.,clear-day,"OOMS,41256099999"
muscat,2020-02-15,75.2,60.8,69,75.2,60.8,69,55,62.1,0,0,0,,,,,11.4,269.6,,0,6.2,261.9,22.7,9,,2020-02-15T06:39:02,2020-02-15T18:00:52,0.73,Clear,Clear conditions throughout the day.,clear-day,"OOMS,41256099999"
muscat,2020-02-16,77,59,69.6,77,59,69.6,58.1,67.3,0,0,0,,,,,10.3,161.8,,0,5.9,232.6,20.1,8,,2020-02-16T06:38:22,2020-02-16T18:01:27,0.78,Clear,Clear conditions throughout the day.,clear-day,"OOMS,41256099999"
muscat,2020-02-17,75.2,62.6,70.3,75.2,62.6,70.3,59.5,69.9,0,0,0,,,,,10.3,103.1,,0,3.9,244.5,21.1,9,,2020-02-17T06:37:40,2020-02-17T18:02:01,0.84,Clear,Clear conditions throughout the day.,clear-day,"OOMS,41256099999"
muscat,2020-02-18,78.8,64.4,71.6,78.8,64.4,71.6,56.8,61.3,0,0,0,,,,,9.2,155.8,,0,4.5,249.7,21.6,9,,2020-02-18T06:36:57,2020-02-18T18:02:35,0.88,Clear,Clear conditions throughout the day.,clear-day,"OOMS,41256099999"
muscat,2020-02-19,82.4,64.4,73.7,82.1,64.4,73.7,58,59.3,0,0,0,,,,,9.2,100.6,,0,4.8,261.1,22.6,9,,2020-02-19T06:36:14,2020-02-19T18:03:08,0.93,Clear,Clear conditions throughout the day.,clear-day,"OOMS,41256099999"
muscat,2020-02-20,84.2,64.4,74.3,81.4,64.4,74,57.7,59.5,0,0,0,,,,,16.1,116.7,,0,6.2,251.6,21.8,9,,2020-02-20T06:35:29,2020-02-20T18:03:41,0.96,Clear,Clear conditions throughout the day.,clear-day,"OOMS,41256099999"
muscat,2020-02-21,78.8,66.2,73.8,78.8,66.2,73.8,66.6,78.5,0,0,0,,,,,11.4,128.2,,8.5,6.1,240.5,20.7,8,,2020-02-21T06:34:44,2020-02-21T18:04:14,0.98,Clear,Clear conditions throughout the day.,clear-day,"OOMS,41256099999"
muscat,2020-02-22,78.8,68.3,74.4,78.8,68.3,74.4,68.7,82.9,0,0,0,,,,,17.2,132,,20.3,5.1,240.1,20.9,8,,2020-02-22T06:33:58,2020-02-22T18:04:46,1,Partially cloudy,Partly cloudy throughout the day.,partly-cloudy-day,"OOMS,41256099999,remote"
muscat,2020-02-23,78.8,71.6,75,78.8,71.6,75,68.7,81.1,0,0,0,,,,,10.3,158.7,,8.5,5.4,245,21.3,9,,2020-02-23T06:33:11,2020-02-23T18:05:18,1,Clear,Clear conditions throughout the day.,clear-day,"OOMS,41256099999"
muscat,2020-02-24,80.6,66.6,75.3,83.3,66.6,75.4,67.6,77.1,0,0,0,,,,,9.2,112,,12.8,5.3,239.7,20.8,9,,2020-02-24T06:32:23,2020-02-24T18:05:49,0,Clear,Clear conditions throughout the day.,clear-day,"OOMS,41256099999,remote"
muscat,2020-02-25,84.2,69.8,76.9,84.6,69.8,77.4,65.6,69.5,0,0,0,,,,,12.8,115.9,,1.1,5.7,251.8,21.6,9,,2020-02-25T06:31:35,2020-02-25T18:06:20,0.02,Clear,Clear conditions throughout the day.,clear-day,"OOMS,41256099999"
muscat,2020-02-26,87.8,73.4,78.7,87.4,73.4,79.3,64.3,63.1,0,0,0,,,,,19.7,135.3,,4.4,6,262,22.6,9,,2020-02-26T06:30:45,2020-02-26T18:06:50,0.04,Clear,Clear conditions throughout the day.,clear-day,"OOMS,41256099999"
muscat,2020-02-27,78.8,75.2,76.5,78.8,75.2,76.5,66,70.8,0,0,0,,,,,12.8,263.5,,5.9,4.9,213.6,18.3,8,,2020-02-27T06:29:55,2020-02-27T18:07:20,0.06,Clear,Clear conditions throughout the day.,clear-day,"OOMS,41256099999"
muscat,2020-02-28,78.8,62.1,73.7,78.8,62.1,73.7,61,65.3,0,0,0,,,,,17.2,293.8,,19.7,5.2,268.4,23.1,9,,2020-02-28T06:29:04,2020-02-28T18:07:49,0.1,Clear,Clear conditions throughout the day.,clear-day,"OOMS,41256099999,remote"
muscat,2020-02-29,81.8,66.2,73.6,80.4,66.2,73.5,62.8,70.2,0,0,0,,,,,10.3,174.9,,0,5.4,261.9,22.8,9,,2020-02-29T06:28:13,2020-02-29T18:08:19,0.14,Clear,Clear conditions throughout the day.,clear-day,"OOMS,41256099999,remote"
muscat,2020-03-01,78.8,69.8,74.9,78.8,69.8,74.9,65.2,72.3,0,0,0,,,,,17.2,146.2,,0,5.2,261.3,22.5,9,,2020-03-01T06:27:21,2020-03-01T18:08:47,0.18,Clear,Clear conditions throughout the day.,clear-day,"OOMS,41256099999"
muscat,2020-03-02,80.6,68,75.8,81.8,68,75.9,64.3,68.2,0,0,0,,,,,9.2,126,,1.1,5.7,252.1,21.8,9,,2020-03-02T06:26:28,2020-03-02T18:09:16,0.23,Clear,Clear conditions throughout the day.,clear-day,"OOMS,41256099999"
muscat,2020-03-03,84.2,67,77.6,83.3,67,78,61.5,59,0.08,100,20.83,rain,,,,13.9,242.7,,0,6,259.8,22.4,9,,2020-03-03T06:25:35,2020-03-03T18:09:44,0.28,Rain,Clear conditions throughout the day with morning rain.,rain,"OOMS,41256099999,remote"
muscat,2020-03-04,78.8,66.2,73.9,78.8,66.2,73.9,55.6,53.8,0.12,100,12.5,rain,,,,17.2,288.3,,1.1,6.2,291.1,25,10,,2020-03-04T06:24:41,2020-03-04T18:10:11,0.34,Rain,Clear conditions throughout the day with early morning rain.,rain,"OOMS,41256099999"
muscat,2020-03-05,77,69.8,73.3,77,69.8,73.3,53.4,50.8,2.53,100,37.5,rain,,,,12.8,205.4,,21.3,6.2,269.6,23.3,9,,2020-03-05T06:23:46,2020-03-05T18:10:39,0.38,"Rain, Partially cloudy",Clearing in the afternoon with rain clearing later.,rain,"OOMS,41256099999"
muscat,2020-03-06,78.8,62.6,72.4,78.8,62.6,72.4,53.4,52,4.14,100,12.5,rain,,,,12.8,229.5,,0,6.2,282,24.4,9,,2020-03-06T06:22:51,2020-03-06T18:11:06,0.43,Rain,Clear conditions throughout the day with early morning rain.,rain,"OOMS,41256099999"
muscat,2020-03-07,78.8,66.2,73.7,78.8,66.2,73.7,56.1,54.7,0,0,0,,,,,12.8,130.8,,0,6.2,289.4,24.8,10,,2020-03-07T06:21:56,2020-03-07T18:11:32,0.46,Clear,Clear conditions throughout the day.,clear-day,"OOMS,41256099999"
muscat,2020-03-08,82.4,69.8,76.6,81.8,69.8,76.6,54.7,47.5,0,0,0,,,,,16.1,126.6,,0,6.2,280.7,24.4,9,,2020-03-08T06:21:00,2020-03-08T18:11:59,0.49,Clear,Clear conditions throughout the day.,clear-day,"OOMS,41256099999"
